{"type": "FeatureCollection", "crs_note": "WGS84 (EPSG:4326), derived \u2014 see georeferencing block", "georeferencing": {"method": "Five clicked lat/lng control points recovered from the reference Google Maps camera by median-diffing Screenshots 143-148, least-squares affine fitted, then each site capture SIFT+RANSAC registered into that reference frame.", "control_points": 5, "mean_residual_m": 0.21, "max_residual_m": 0.471, "scale_x_m_per_px": 1.0934, "scale_y_m_per_px": 1.0921, "rotation_deg": -0.013}, "sites": [{"site": "annexure and m,n block", "registration_inliers": 40, "metres_per_pixel": 0.276, "ground_truth_polygons": 18, "predicted_polygons": 16}, {"site": "arch right side hostels", "registration_inliers": 112, "metres_per_pixel": 0.23, "ground_truth_polygons": 22, "predicted_polygons": 14}, {"site": "bel block and canteen", "registration_inliers": 158, "metres_per_pixel": 0.355, "ground_truth_polygons": 10, "predicted_polygons": 14}, {"site": "law school", "registration_inliers": 158, "metres_per_pixel": 0.347, "ground_truth_polygons": 29, "predicted_polygons": 24}, {"site": "main eee block entrance area", "registration_inliers": 135, "metres_per_pixel": 0.295, "ground_truth_polygons": 23, "predicted_polygons": 16}, {"site": "srm dental", "registration_inliers": 97, "metres_per_pixel": 0.278, "ground_truth_polygons": 14, "predicted_polygons": 16}, {"site": "srm global", "registration_inliers": 122, "metres_per_pixel": 0.29, "ground_truth_polygons": 1, "predicted_polygons": 2}, {"site": "srm medical", "registration_inliers": 43, "metres_per_pixel": 0.324, "ground_truth_polygons": 13, "predicted_polygons": 9}, {"site": "tech 1,2 audi", "registration_inliers": 75, "metres_per_pixel": 0.805, "ground_truth_polygons": 11, "predicted_polygons": 6}, {"site": "ubi and valli gate", "registration_inliers": 55, "metres_per_pixel": 0.283, "ground_truth_polygons": 12, "predicted_polygons": 3}], "features": [{"type": "Feature", "properties": {"id": "annexure and m,n block:ground_truth:0", "site": "annexure and m,n block", "source": "ground_truth", "class": "parcel_boundary", "area_sqm": 198.1}, "geometry": {"type": "Polygon", "coordinates": [[[80.04657245660651, 12.820220137509247], [80.04657295084859, 12.820102270566021], [80.04660284036035, 12.820102206009194], [80.046602441049, 12.820193309991504], [80.04662685007006, 12.820201299133517], [80.04707306527386, 12.820192442345807], [80.04708464413724, 12.820101165385838], [80.04711463994052, 12.820101100599436], [80.0471137999684, 12.820211143989804], [80.04657245660651, 12.820220137509247]]]}}, {"type": "Feature", "properties": {"id": "annexure and m,n block:ground_truth:1", "site": "annexure and m,n block", "source": "ground_truth", "class": "parcel_boundary", "area_sqm": 3288.6}, "geometry": {"type": "Polygon", "coordinates": [[[80.04511311822209, 12.820610559590275], [80.04511351892499, 12.820161413822698], [80.04571971023096, 12.820154880931065], [80.04571756964174, 12.820605007980262], [80.04511311822209, 12.820610559590275]]]}}, {"type": "Feature", "properties": {"id": "annexure and m,n block:ground_truth:2", "site": "annexure and m,n block", "source": "ground_truth", "class": "parcel_boundary", "area_sqm": 238.1}, "geometry": {"type": "Polygon", "coordinates": [[[80.04488065053248, 12.82069798414122], [80.04488047650693, 12.820671530172504], [80.045022314688, 12.820666209484823], [80.04502696880051, 12.820541682675508], [80.04501940604689, 12.820153605046926], [80.04487701867468, 12.820145898236989], [80.04487686094993, 12.82012192218405], [80.04503532041876, 12.82011625675605], [80.04505190835833, 12.820690028327924], [80.04488065053248, 12.82069798414122]]]}}, {"type": "Feature", "properties": {"id": "annexure and m,n block:ground_truth:3", "site": "annexure and m,n block", "source": "ground_truth", "class": "parcel_boundary", "area_sqm": 368.6}, "geometry": {"type": "Polygon", "coordinates": [[[80.04635668165649, 12.820735059287948], [80.04633650355144, 12.820201826321458], [80.04651826138185, 12.820196142314707], [80.0465144006411, 12.820495409787139], [80.04650184620586, 12.820230964850674], [80.0463608112462, 12.820233880907448], [80.04636504081316, 12.820647316285596], [80.04649213936028, 12.820655266480886], [80.04651669950624, 12.820602012462158], [80.04654898544676, 12.820652590982426], [80.0467657391758, 12.820647208957688], [80.04681762979415, 12.820583219714898], [80.04682256181655, 12.820668507667731], [80.04638116835233, 12.820679231751944], [80.04635668165649, 12.820735059287948]]]}}, {"type": "Feature", "properties": {"id": "annexure and m,n block:ground_truth:4", "site": "annexure and m,n block", "source": "ground_truth", "class": "parcel_boundary", "area_sqm": 61.1}, "geometry": {"type": "Polygon", "coordinates": [[[80.04622162453805, 12.82074567789411], [80.0462081488184, 12.82073505379534], [80.04620577229677, 12.820562227991148], [80.04620854468276, 12.820524952254186], [80.0462274817058, 12.820516948975277], [80.04623243828493, 12.820737710828274], [80.04622162453805, 12.82074567789411]]]}}, {"type": "Feature", "properties": {"id": "annexure and m,n block:ground_truth:5", "site": "annexure and m,n block", "source": "ground_truth", "class": "parcel_boundary", "area_sqm": 82.5}, "geometry": {"type": "Polygon", "coordinates": [[[80.04514081518104, 12.820790562726689], [80.04514068498614, 12.820764116010817], [80.04515133601907, 12.820750890296553], [80.04522887897677, 12.8207111917234], [80.04526642162999, 12.82071118999182], [80.04529610328318, 12.820756197484888], [80.0452962281322, 12.820787952892674], [80.04528552485269, 12.820793241636414], [80.0452399337489, 12.820787940420107], [80.04525321278055, 12.820758839109676], [80.04523972939191, 12.820740311834614], [80.04518087128804, 12.820764121577177], [80.04515957693368, 12.820793211407542], [80.04514081518104, 12.820790562726689]]]}}, {"type": "Feature", "properties": {"id": "annexure and m,n block:ground_truth:6", "site": "annexure and m,n block", "source": "ground_truth", "class": "parcel_boundary", "area_sqm": 536.8}, "geometry": {"type": "Polygon", "coordinates": [[[80.04663157351138, 12.820947571025535], [80.04663481520278, 12.820830767492849], [80.0468379699896, 12.820814889680673], [80.04695712026991, 12.820833546051299], [80.04696461262874, 12.820929236561389], [80.04695088685632, 12.820955784805745], [80.04665312785075, 12.820963503375703], [80.04663157351138, 12.820947571025535]]]}}, {"type": "Feature", "properties": {"id": "annexure and m,n block:ground_truth:7", "site": "annexure and m,n block", "source": "ground_truth", "class": "parcel_boundary", "area_sqm": 175.7}, "geometry": {"type": "Polygon", "coordinates": [[[80.0453132974089, 12.821044188971207], [80.04523574980152, 12.821059920087785], [80.04521691763267, 12.821036172033434], [80.0451420498458, 12.821041362315233], [80.04512290764468, 12.82095695692654], [80.04514951947256, 12.820927947672867], [80.04511429088124, 12.820840776048303], [80.04513837199622, 12.820838143279323], [80.04514931366388, 12.820885701603181], [80.04518153734028, 12.820906847927976], [80.04515525460768, 12.821007102959106], [80.0452542460874, 12.821004562595746], [80.04527309207856, 12.821030958657719], [80.04529446492992, 12.821020430728986], [80.04527499523604, 12.820840841296759], [80.04529641531097, 12.820835561897404], [80.0453132974089, 12.821044188971207]]]}}, {"type": "Feature", "properties": {"id": "annexure and m,n block:ground_truth:8", "site": "annexure and m,n block", "source": "ground_truth", "class": "parcel_boundary", "area_sqm": 640.2}, "geometry": {"type": "Polygon", "coordinates": [[[80.04584704618392, 12.821060635412088], [80.04583046001703, 12.820168020878233], [80.04622007582833, 12.820156564385718], [80.04622216966061, 12.820468995736093], [80.04620376113047, 12.820188696316771], [80.04585749048434, 12.82019468338692], [80.04588197418525, 12.821034252442681], [80.04619411959322, 12.821031943258937], [80.04622423941046, 12.820788158502562], [80.04623180047969, 12.821050504310573], [80.04584704618392, 12.821060635412088]]]}}, {"type": "Feature", "properties": {"id": "annexure and m,n block:ground_truth:9", "site": "annexure and m,n block", "source": "ground_truth", "class": "parcel_boundary", "area_sqm": 139.2}, "geometry": {"type": "Polygon", "coordinates": [[[80.0449636114493, 12.821141197273393], [80.0448835308082, 12.8211358205656], [80.04488335775278, 12.821109514068688], [80.04495803284969, 12.821101718827546], [80.044953960388, 12.820872394140963], [80.04488174554547, 12.820864439236994], [80.04488158925733, 12.820840681567844], [80.04498055523725, 12.820848644487532], [80.04498220140624, 12.821125437256773], [80.0449636114493, 12.821141197273393]]]}}, {"type": "Feature", "properties": {"id": "annexure and m,n block:ground_truth:10", "site": "annexure and m,n block", "source": "ground_truth", "class": "parcel_boundary", "area_sqm": 1120.4}, "geometry": {"type": "Polygon", "coordinates": [[[80.04564318671788, 12.821173823456807], [80.04556009718816, 12.821173693403017], [80.04555714215391, 12.821052378917631], [80.04542846876758, 12.821046955646594], [80.04540313825845, 12.820671433645987], [80.04558314343403, 12.820663442982415], [80.04559409257479, 12.820758880034274], [80.04566938091676, 12.820774788505773], [80.04564020721132, 12.821002298061327], [80.04556516361471, 12.821041830199238], [80.04564836636544, 12.821065682324083], [80.04564318671788, 12.821173823456807]]]}}, {"type": "Feature", "properties": {"id": "annexure and m,n block:ground_truth:11", "site": "annexure and m,n block", "source": "ground_truth", "class": "parcel_boundary", "area_sqm": 150.8}, "geometry": {"type": "Polygon", "coordinates": [[[80.04702428027768, 12.821305659070603], [80.04701624109204, 12.821295065574784], [80.04701982641869, 12.821170680923403], [80.0470739951701, 12.821168115441672], [80.04708759555582, 12.821160187623624], [80.04710920357253, 12.821168169580993], [80.04711089729169, 12.82130054337126], [80.04702428027768, 12.821305659070603]]]}}, {"type": "Feature", "properties": {"id": "annexure and m,n block:ground_truth:12", "site": "annexure and m,n block", "source": "ground_truth", "class": "parcel_boundary", "area_sqm": 2130.6}, "geometry": {"type": "Polygon", "coordinates": [[[80.04627418112658, 12.821367418538427], [80.04635649365028, 12.820801464320745], [80.04638522147454, 12.82112740137999], [80.04711246106905, 12.82109660086445], [80.04710710768953, 12.820374589344311], [80.04683244678819, 12.820369574273954], [80.04681534589675, 12.820508517771886], [80.04679176888183, 12.820356254592733], [80.04712645451137, 12.82033708396131], [80.04713937611983, 12.821120502957351], [80.04682252400875, 12.821141254200668], [80.04680506383667, 12.821358043827368], [80.04627418112658, 12.821367418538427]]]}}, {"type": "Feature", "properties": {"id": "annexure and m,n block:ground_truth:13", "site": "annexure and m,n block", "source": "ground_truth", "class": "parcel_boundary", "area_sqm": 108.8}, "geometry": {"type": "Polygon", "coordinates": [[[80.04723931369931, 12.821483187101336], [80.04717441331358, 12.821480376862326], [80.04710972207045, 12.82145381171438], [80.04709095643499, 12.821432642676244], [80.04710207363192, 12.821393050073983], [80.04712373299735, 12.821390458022403], [80.04723971773991, 12.821435649651718], [80.04723931369931, 12.821483187101336]]]}}, {"type": "Feature", "properties": {"id": "annexure and m,n block:ground_truth:14", "site": "annexure and m,n block", "source": "ground_truth", "class": "parcel_boundary", "area_sqm": 1768.0}, "geometry": {"type": "Polygon", "coordinates": [[[80.04610455330197, 12.821598458387902], [80.0461180455708, 12.821538078244679], [80.04675294114418, 12.82151353180303], [80.04678473755932, 12.82161368494188], [80.04680956883833, 12.821513686838284], [80.04709310125918, 12.821506549229674], [80.04710830676638, 12.821638390840517], [80.04678183735815, 12.82165050983523], [80.04665768059827, 12.821707932756023], [80.04662038278506, 12.821626327483324], [80.04659846998713, 12.821712983973722], [80.04625993129471, 12.821727561577521], [80.04625212215839, 12.821617295225774], [80.04610455330197, 12.821598458387902]]]}}, {"type": "Feature", "properties": {"id": "annexure and m,n block:ground_truth:15", "site": "annexure and m,n block", "source": "ground_truth", "class": "parcel_boundary", "area_sqm": 2482.6}, "geometry": {"type": "Polygon", "coordinates": [[[80.04494457548321, 12.822367807795844], [80.0448856546398, 12.821458668418678], [80.0451120145321, 12.82144089693608], [80.04516966164576, 12.822340588954448], [80.04494457548321, 12.822367807795844]]]}}, {"type": "Feature", "properties": {"id": "annexure and m,n block:ground_truth:16", "site": "annexure and m,n block", "source": "ground_truth", "class": "parcel_boundary", "area_sqm": 585.9}, "geometry": {"type": "Polygon", "coordinates": [[[80.04569055061411, 12.822416208722728], [80.04568493240724, 12.822213536175955], [80.04591955829598, 12.822204338313039], [80.04592487889344, 12.822414992460505], [80.04569055061411, 12.822416208722728]]]}}, {"type": "Feature", "properties": {"id": "annexure and m,n block:ground_truth:17", "site": "annexure and m,n block", "source": "ground_truth", "class": "parcel_boundary", "area_sqm": 194.6}, "geometry": {"type": "Polygon", "coordinates": [[[80.04705798672283, 12.822601336211951], [80.04705551474264, 12.822572703755085], [80.0470664813374, 12.82254154294543], [80.04707996168224, 12.82253381775059], [80.04719548746574, 12.822529332911044], [80.04720881326054, 12.822542439292262], [80.0471971169741, 12.822656870101634], [80.04712995530029, 12.8226642196819], [80.04711137487169, 12.822638096175686], [80.04705798672283, 12.822601336211951]]]}}, {"type": "Feature", "properties": {"id": "annexure and m,n block:predicted:0", "site": "annexure and m,n block", "source": "predicted", "class": "parcel_boundary", "area_sqm": 176.7}, "geometry": {"type": "Polygon", "coordinates": [[[80.0453304396091, 12.82061312527642], [80.04530090932532, 12.820613136735075], [80.04527680641162, 12.82062640237655], [80.0451185470103, 12.820623806854814], [80.045105089604, 12.820613212719133], [80.04511550298598, 12.820552235149732], [80.04530872776957, 12.820552119063395], [80.04530881961729, 12.82057599996927], [80.0453304396091, 12.82061312527642]]]}}, {"type": "Feature", "properties": {"id": "annexure and m,n block:predicted:1", "site": "annexure and m,n block", "source": "predicted", "class": "parcel_boundary", "area_sqm": 122.3}, "geometry": {"type": "Polygon", "coordinates": [[[80.0469095377956, 12.82064183944864], [80.04689841435716, 12.820684478823452], [80.04684701850701, 12.820660510199655], [80.04665718072947, 12.820679188427656], [80.04649480580039, 12.820665910329836], [80.04662754689804, 12.820644583128098], [80.04684440096958, 12.820644523038972], [80.04689062418454, 12.8206285166785], [80.0469095377956, 12.82064183944864]]]}}, {"type": "Feature", "properties": {"id": "annexure and m,n block:predicted:2", "site": "annexure and m,n block", "source": "predicted", "class": "parcel_boundary", "area_sqm": 283.0}, "geometry": {"type": "Polygon", "coordinates": [[[80.0448810331822, 12.820756151484199], [80.04487969266509, 12.820552376820775], [80.04504043031324, 12.820552280252185], [80.04504081306297, 12.820621185156957], [80.0450006601018, 12.820626496763882], [80.0449873621567, 12.820642389839975], [80.04500901590973, 12.820682093852161], [80.0449476383976, 12.82071384977388], [80.04492643182996, 12.820745582172636], [80.0448810331822, 12.820756151484199]]]}}, {"type": "Feature", "properties": {"id": "annexure and m,n block:predicted:3", "site": "annexure and m,n block", "source": "predicted", "class": "parcel_boundary", "area_sqm": 488.7}, "geometry": {"type": "Polygon", "coordinates": [[[80.04659157864015, 12.820820125778436], [80.04694905610357, 12.820822904419636], [80.04697290489287, 12.820905330758183], [80.04696192037733, 12.820926578255316], [80.04691304567334, 12.82094247831883], [80.04665320310343, 12.820947587778802], [80.04662378843763, 12.820875911897105], [80.04663203650186, 12.820846704642308], [80.04659157864015, 12.820820125778436]]]}}, {"type": "Feature", "properties": {"id": "annexure and m,n block:predicted:4", "site": "annexure and m,n block", "source": "predicted", "class": "parcel_boundary", "area_sqm": 505.0}, "geometry": {"type": "Polygon", "coordinates": [[[80.04528920518308, 12.821044162108201], [80.0451446850643, 12.821033457481425], [80.0450830386542, 12.821004395319825], [80.04512840322825, 12.820985979306366], [80.04512237511348, 12.820851348032456], [80.04518387044692, 12.820832875133261], [80.04515142591355, 12.820769407749674], [80.04522352817465, 12.82071383959682], [80.04528274829997, 12.820769428363437], [80.04522668402713, 12.820822316281005], [80.04528851121317, 12.820869924121519], [80.04528920518308, 12.821044162108201]]]}}, {"type": "Feature", "properties": {"id": "annexure and m,n block:predicted:5", "site": "annexure and m,n block", "source": "predicted", "class": "parcel_boundary", "area_sqm": 36.1}, "geometry": {"type": "Polygon", "coordinates": [[[80.04582016311977, 12.821031543490207], [80.04582015843656, 12.821023616030624], [80.04583896101653, 12.821007777255508], [80.0458685313508, 12.821021023299409], [80.0459061669881, 12.821015774971363], [80.04590885617904, 12.821034281427435], [80.04591960991422, 12.821044865014025], [80.04590885656248, 12.821050138286576], [80.04586316395806, 12.821047444332132], [80.04584167260269, 12.821060629124053], [80.04582016311977, 12.821031543490207]]]}}, {"type": "Feature", "properties": {"id": "annexure and m,n block:predicted:6", "site": "annexure and m,n block", "source": "predicted", "class": "parcel_boundary", "area_sqm": 41.8}, "geometry": {"type": "Polygon", "coordinates": [[[80.04610792286171, 12.821047719490771], [80.04611062152598, 12.821042433372787], [80.04614832768452, 12.82103453963085], [80.0461752950487, 12.82101340162485], [80.04619416717541, 12.821005480933007], [80.04620494474717, 12.821005491463088], [80.04621838166602, 12.821024030752863], [80.04621025333616, 12.821047834530974], [80.04619945888899, 12.821058402895343], [80.04617251342334, 12.82106630530588], [80.04614829582674, 12.821055698975453], [80.04610792286171, 12.821047719490771]]]}}, {"type": "Feature", "properties": {"id": "annexure and m,n block:predicted:7", "site": "annexure and m,n block", "source": "predicted", "class": "parcel_boundary", "area_sqm": 298.2}, "geometry": {"type": "Polygon", "coordinates": [[[80.04495809707623, 12.821112246289433], [80.04488328851431, 12.82109898899248], [80.04488148503891, 12.820824839119382], [80.04496174043092, 12.820832791089247], [80.04497520679412, 12.820848642168055], [80.04496831418881, 12.821035901697407], [80.04497921786438, 12.821072786980064], [80.04495809707623, 12.821112246289433]]]}}, {"type": "Feature", "properties": {"id": "annexure and m,n block:predicted:8", "site": "annexure and m,n block", "source": "predicted", "class": "parcel_boundary", "area_sqm": 1346.2}, "geometry": {"type": "Polygon", "coordinates": [[[80.04556809537078, 12.821155257168575], [80.04556249946494, 12.821049745726127], [80.04541769379703, 12.821028474546553], [80.04543296225329, 12.820764156495272], [80.04533051829296, 12.820634338203504], [80.0453494251077, 12.82066614302825], [80.04558850452769, 12.820655483467219], [80.04542962562546, 12.820552046429912], [80.04572289000589, 12.820551870241395], [80.04559125327552, 12.820684659849853], [80.04565057648932, 12.820782733192805], [80.04565119053396, 12.82115010849162], [80.04556809537078, 12.821155257168575]]]}}, {"type": "Feature", "properties": {"id": "annexure and m,n block:predicted:9", "site": "annexure and m,n block", "source": "predicted", "class": "parcel_boundary", "area_sqm": 493.4}, "geometry": {"type": "Polygon", "coordinates": [[[80.04693307466567, 12.821194374526321], [80.04693872775415, 12.82115731442412], [80.04698231452079, 12.821114987061412], [80.04703118502556, 12.821096496045195], [80.04717482511786, 12.821094028588835], [80.0472043008116, 12.821136503196414], [80.04724219223438, 12.82114451269102], [80.04724165155794, 12.821208126045063], [80.04719022674188, 12.821200092354344], [80.0471602335488, 12.82122388064642], [80.04711150607065, 12.821221148496548], [80.04709756639369, 12.821274061596107], [80.04702704157593, 12.821297731496061], [80.04696512739548, 12.821255293920599], [80.04695727941122, 12.821215589935026], [80.04693307466567, 12.821194374526321]]]}}, {"type": "Feature", "properties": {"id": "annexure and m,n block:predicted:10", "site": "annexure and m,n block", "source": "predicted", "class": "parcel_boundary", "area_sqm": 1469.1}, "geometry": {"type": "Polygon", "coordinates": [[[80.04627693217672, 12.821341067865347], [80.04628546814935, 12.821145763458956], [80.04646344820475, 12.821119575337157], [80.0466333737353, 12.821143626838039], [80.04680113627157, 12.821098848539297], [80.04692006233262, 12.821114902772516], [80.04687883949057, 12.821218102234287], [80.0468221545264, 12.821204777521618], [80.04679706965284, 12.821339541575611], [80.04627693217672, 12.821341067865347]]]}}, {"type": "Feature", "properties": {"id": "annexure and m,n block:predicted:11", "site": "annexure and m,n block", "source": "predicted", "class": "parcel_boundary", "area_sqm": 137.8}, "geometry": {"type": "Polygon", "coordinates": [[[80.04711250700774, 12.821443257871781], [80.04710732136985, 12.82141419571509], [80.04711553650223, 12.821401007216222], [80.04716165175138, 12.821385260098971], [80.04718620095893, 12.82136152542226], [80.04721608893504, 12.821348369744134], [80.04724045912057, 12.821348422415534], [80.04723942590813, 12.821469985158043], [80.04718533937313, 12.821467205267556], [80.04711250700774, 12.821443257871781]]]}}, {"type": "Feature", "properties": {"id": "annexure and m,n block:predicted:12", "site": "annexure and m,n block", "source": "predicted", "class": "parcel_boundary", "area_sqm": 1796.6}, "geometry": {"type": "Polygon", "coordinates": [[[80.04610454037937, 12.821608961108595], [80.0461126782485, 12.821538063059483], [80.04625237391377, 12.821501640097356], [80.04625761979933, 12.821559504686316], [80.04700668315306, 12.821501040231277], [80.04708483538725, 12.821527628081379], [80.04711102757521, 12.821635765597335], [80.0463135967257, 12.821730372077083], [80.04625459395314, 12.82171442731486], [80.04622258130745, 12.821622456029848], [80.04610454037937, 12.821608961108595]]]}}, {"type": "Feature", "properties": {"id": "annexure and m,n block:predicted:13", "site": "annexure and m,n block", "source": "predicted", "class": "parcel_boundary", "area_sqm": 1376.8}, "geometry": {"type": "Polygon", "coordinates": [[[80.04504675619691, 12.82216868678369], [80.04498292975491, 12.822139799717439], [80.04493714840008, 12.822027825707194], [80.04491893689634, 12.821668041637432], [80.04494465429194, 12.82152690619366], [80.04501626032997, 12.821477344728086], [80.04510465273529, 12.821564012222371], [80.04508935829452, 12.821694740088976], [80.04514411222769, 12.822000134328016], [80.04511816350086, 12.82212227588703], [80.04504675619691, 12.82216868678369]]]}}, {"type": "Feature", "properties": {"id": "annexure and m,n block:predicted:14", "site": "annexure and m,n block", "source": "predicted", "class": "parcel_boundary", "area_sqm": 580.9}, "geometry": {"type": "Polygon", "coordinates": [[[80.04568787119729, 12.82240321896724], [80.04568758891665, 12.822208347054456], [80.04579418098582, 12.82219067822426], [80.04590888453416, 12.822206887020995], [80.04590888774233, 12.822339558669329], [80.04592488155659, 12.822381226661546], [80.04590888943855, 12.822409704910848], [80.04571184073365, 12.822418928899395], [80.04568787119729, 12.82240321896724]]]}}, {"type": "Feature", "properties": {"id": "annexure and m,n block:predicted:15", "site": "annexure and m,n block", "source": "predicted", "class": "parcel_boundary", "area_sqm": 189.3}, "geometry": {"type": "Polygon", "coordinates": [[[80.04722878388634, 12.82272207358843], [80.04721551700375, 12.822703790477973], [80.04721918786446, 12.822586768343346], [80.04720038525427, 12.822586647049516], [80.04718388643566, 12.822633374938269], [80.04711942517302, 12.82263814955862], [80.0470659972143, 12.822606590356086], [80.04706630700626, 12.822564966303103], [80.0470852915387, 12.822539058080386], [80.04713909609578, 12.822526376081004], [80.04723037593479, 12.822534760925436], [80.04722878388634, 12.82272207358843]]]}}, {"type": "Feature", "properties": {"id": "arch right side hostels:ground_truth:0", "site": "arch right side hostels", "source": "ground_truth", "class": "parcel_boundary", "area_sqm": 169.4}, "geometry": {"type": "Polygon", "coordinates": [[[80.04232346580909, 12.82074445353459], [80.04232123059923, 12.820610777921381], [80.04242631918052, 12.820610509152484], [80.04242641762355, 12.820737940839823], [80.04239424855422, 12.820748463689382], [80.04232346580909, 12.82074445353459]]]}}, {"type": "Feature", "properties": {"id": "arch right side hostels:ground_truth:1", "site": "arch right side hostels", "source": "ground_truth", "class": "parcel_boundary", "area_sqm": 378.4}, "geometry": {"type": "Polygon", "coordinates": [[[80.04153293503308, 12.820817289027449], [80.04141095691732, 12.820859303509664], [80.04137887639318, 12.820790515017578], [80.04134682121065, 12.820629956474727], [80.0413703515309, 12.82061320983849], [80.04146447421036, 12.820612969115391], [80.04152223697109, 12.82075261901173], [80.04153293503308, 12.820817289027449]]]}}, {"type": "Feature", "properties": {"id": "arch right side hostels:ground_truth:2", "site": "arch right side hostels", "source": "ground_truth", "class": "parcel_boundary", "area_sqm": 231.5}, "geometry": {"type": "Polygon", "coordinates": [[[80.04173204607338, 12.820940018396705], [80.04171490364126, 12.820862802408099], [80.04172132576326, 12.820848173939915], [80.0419076624676, 12.820820610074922], [80.04191839352372, 12.82088114582568], [80.04191197747468, 12.820918751992986], [80.04175560544672, 12.820946233048083], [80.04173204607338, 12.820940018396705]]]}}, {"type": "Feature", "properties": {"id": "arch right side hostels:ground_truth:3", "site": "arch right side hostels", "source": "ground_truth", "class": "parcel_boundary", "area_sqm": 2160.8}, "geometry": {"type": "Polygon", "coordinates": [[[80.04334391258486, 12.820959626339512], [80.04334985794581, 12.820643702130516], [80.04404715012583, 12.820606363802526], [80.04404741231973, 12.820723603732612], [80.04381478427365, 12.820719975810684], [80.04381526788949, 12.820958643325568], [80.04334391258486, 12.820959626339512]]]}}, {"type": "Feature", "properties": {"id": "arch right side hostels:ground_truth:4", "site": "arch right side hostels", "source": "ground_truth", "class": "parcel_boundary", "area_sqm": 232.6}, "geometry": {"type": "Polygon", "coordinates": [[[80.04239876201362, 12.821047296270933], [80.0423322498128, 12.821043246953826], [80.04231293455405, 12.821030744543208], [80.04234710291539, 12.820809162877781], [80.04242648380291, 12.820823608130558], [80.04239876201362, 12.821047296270933]]]}}, {"type": "Feature", "properties": {"id": "arch right side hostels:ground_truth:5", "site": "arch right side hostels", "source": "ground_truth", "class": "parcel_boundary", "area_sqm": 1585.2}, "geometry": {"type": "Polygon", "coordinates": [[[80.04224001750622, 12.821047609038784], [80.0420255961173, 12.821025049378086], [80.04204259649146, 12.820678301928025], [80.04190333574218, 12.820680733170207], [80.04189051477914, 12.820789328654394], [80.04171489740071, 12.82081478617185], [80.0415928620662, 12.82062724621708], [80.04169774455622, 12.820612372515715], [80.04174271892424, 12.820712437159047], [80.04180481596708, 12.820695587450633], [80.04179623289775, 12.820612120627235], [80.04206185332846, 12.820611441290723], [80.0420811636743, 12.820663590319622], [80.04226337651595, 12.820673579930538], [80.04224001750622, 12.821047609038784]]]}}, {"type": "Feature", "properties": {"id": "arch right side hostels:ground_truth:6", "site": "arch right side hostels", "source": "ground_truth", "class": "parcel_boundary", "area_sqm": 776.3}, "geometry": {"type": "Polygon", "coordinates": [[[80.04260700153414, 12.821103344830778], [80.04247601358546, 12.821047144065302], [80.04248449980443, 12.820927974946908], [80.04257248719462, 12.820921516280533], [80.04251664892277, 12.820879832587602], [80.04252087822519, 12.820806675000917], [80.04257879333805, 12.820775193415113], [80.04257018425442, 12.820748046345772], [80.0424993603427, 12.820735677295676], [80.04250140064174, 12.82061031712818], [80.04268380446831, 12.820609850621976], [80.04260700153414, 12.821103344830778]]]}}, {"type": "Feature", "properties": {"id": "arch right side hostels:ground_truth:7", "site": "arch right side hostels", "source": "ground_truth", "class": "parcel_boundary", "area_sqm": 248.3}, "geometry": {"type": "Polygon", "coordinates": [[[80.04151151761464, 12.821113772510213], [80.04151580312298, 12.821030245197509], [80.04152864713546, 12.821013516940559], [80.04161427993698, 12.821019608277421], [80.0416720911151, 12.820994433983065], [80.04170207256827, 12.821004813885995], [80.04169351917199, 12.821119695731074], [80.04156075597177, 12.821128297836136], [80.04151151761464, 12.821113772510213]]]}}, {"type": "Feature", "properties": {"id": "arch right side hostels:ground_truth:8", "site": "arch right side hostels", "source": "ground_truth", "class": "parcel_boundary", "area_sqm": 2705.8}, "geometry": {"type": "Polygon", "coordinates": [[[80.04318084153056, 12.821211093422592], [80.04293358643037, 12.821186416191496], [80.04291193482634, 12.821052560680263], [80.04285608438052, 12.82106103705534], [80.04284116875462, 12.821167751851561], [80.04271441494686, 12.82115124740319], [80.04272481579724, 12.820827111538131], [80.04279331970989, 12.82063673909954], [80.04321661183685, 12.82067958743665], [80.04319748957872, 12.820832316175764], [80.04325987880873, 12.820857279846965], [80.04325786239168, 12.820945158714208], [80.04309445769955, 12.820939226885056], [80.04307305446407, 12.821006215994803], [80.0429548889728, 12.82103574095581], [80.04319572334684, 12.82109385832554], [80.04318084153056, 12.821211093422592]]]}}, {"type": "Feature", "properties": {"id": "arch right side hostels:ground_truth:9", "site": "arch right side hostels", "source": "ground_truth", "class": "parcel_boundary", "area_sqm": 219.6}, "geometry": {"type": "Polygon", "coordinates": [[[80.04170853254897, 12.821288878447445], [80.04169782130016, 12.821282628187685], [80.04170637841592, 12.821190691905922], [80.04173422245795, 12.821176019254075], [80.04174278013359, 12.821107070722864], [80.04175991425703, 12.821094505647537], [80.04181989906509, 12.821104835883073], [80.04181778085044, 12.821213476257155], [80.04179851320437, 12.821288730257072], [80.04170853254897, 12.821288878447445]]]}}, {"type": "Feature", "properties": {"id": "arch right side hostels:ground_truth:10", "site": "arch right side hostels", "source": "ground_truth", "class": "parcel_boundary", "area_sqm": 1237.9}, "geometry": {"type": "Polygon", "coordinates": [[[80.04195710796422, 12.821301009453661], [80.04197421147629, 12.8211755875707], [80.04199783286546, 12.8212863118431], [80.04202781541072, 12.821208929188556], [80.04216288865548, 12.821185699254503], [80.04261784521395, 12.82121835250613], [80.04259438271548, 12.821387836615932], [80.04246767637751, 12.821352467779278], [80.04244195866525, 12.821404801586013], [80.04236039102805, 12.82139655666885], [80.04235817508413, 12.821298264485955], [80.04232383507969, 12.821287865097277], [80.04227885854573, 12.82141341012204], [80.04195710796422, 12.821301009453661]]]}}, {"type": "Feature", "properties": {"id": "arch right side hostels:ground_truth:11", "site": "arch right side hostels", "source": "ground_truth", "class": "parcel_boundary", "area_sqm": 276.7}, "geometry": {"type": "Polygon", "coordinates": [[[80.04292531279029, 12.82145013411727], [80.04286513722353, 12.821454406455771], [80.04286079268122, 12.821414642992671], [80.04284788905109, 12.821406289982354], [80.04270822105481, 12.82139394213469], [80.0427081115287, 12.821287232227128], [80.04288214493947, 12.821297408920723], [80.04288653973761, 12.821379022828635], [80.04292524882715, 12.821397802187997], [80.04292531279029, 12.82145013411727]]]}}, {"type": "Feature", "properties": {"id": "arch right side hostels:ground_truth:12", "site": "arch right side hostels", "source": "ground_truth", "class": "parcel_boundary", "area_sqm": 156.5}, "geometry": {"type": "Polygon", "coordinates": [[[80.04176855673212, 12.821510312017438], [80.0417128449418, 12.821508296973034], [80.04169998867384, 12.821499953830067], [80.04171282540867, 12.821355734743], [80.04172353471678, 12.821339001230717], [80.04179209738673, 12.82134934187114], [80.04178355059851, 12.821474756329222], [80.04176855673212, 12.821510312017438]]]}}, {"type": "Feature", "properties": {"id": "arch right side hostels:ground_truth:13", "site": "arch right side hostels", "source": "ground_truth", "class": "parcel_boundary", "area_sqm": 460.5}, "geometry": {"type": "Polygon", "coordinates": [[[80.04190790960837, 12.821633491356245], [80.04181572732658, 12.821616873081673], [80.0418563823426, 12.82133879140916], [80.04193568708027, 12.82134493669959], [80.04195713564745, 12.821380438461397], [80.04202788954217, 12.82138869310294], [80.0420172142976, 12.82150161252026], [80.04192930851967, 12.821505913622211], [80.04192505228227, 12.821604194326664], [80.04190790960837, 12.821633491356245]]]}}, {"type": "Feature", "properties": {"id": "arch right side hostels:ground_truth:14", "site": "arch right side hostels", "source": "ground_truth", "class": "parcel_boundary", "area_sqm": 1072.9}, "geometry": {"type": "Polygon", "coordinates": [[[80.0431859023251, 12.821732539332606], [80.04286977165629, 12.821741247748898], [80.04285031107791, 12.82164284611941], [80.04283104064189, 12.82170778150505], [80.04269135393287, 12.821707932565733], [80.04269546426931, 12.821523712723875], [80.04318565813799, 12.821564950580044], [80.0431859023251, 12.821732539332606]]]}}, {"type": "Feature", "properties": {"id": "arch right side hostels:ground_truth:15", "site": "arch right side hostels", "source": "ground_truth", "class": "parcel_boundary", "area_sqm": 694.5}, "geometry": {"type": "Polygon", "coordinates": [[[80.04153075663325, 12.821870173866916], [80.04138511532524, 12.821857756200716], [80.04136585083934, 12.821818054688979], [80.04129305985619, 12.821809762146911], [80.04132307873576, 12.8215986617115], [80.04140870848515, 12.821602735683241], [80.04143011499261, 12.821636146325194], [80.04146223482219, 12.821631928527125], [80.04147508603171, 12.82160056451069], [80.0415607515423, 12.821608819799495], [80.04153075663325, 12.821870173866916]]]}}, {"type": "Feature", "properties": {"id": "arch right side hostels:ground_truth:16", "site": "arch right side hostels", "source": "ground_truth", "class": "parcel_boundary", "area_sqm": 462.4}, "geometry": {"type": "Polygon", "coordinates": [[[80.04321034157503, 12.822254475682652], [80.0430768906962, 12.822248231432685], [80.04305932130512, 12.821984107634249], [80.04317980057705, 12.82197563773408], [80.04319920570892, 12.822000777919243], [80.04321439830333, 12.82208672126766], [80.04321034157503, 12.822254475682652]]]}}, {"type": "Feature", "properties": {"id": "arch right side hostels:ground_truth:17", "site": "arch right side hostels", "source": "ground_truth", "class": "parcel_boundary", "area_sqm": 1464.1}, "geometry": {"type": "Polygon", "coordinates": [[[80.04241062978382, 12.822552317518584], [80.04236089950804, 12.822110245923199], [80.04224065433847, 12.822101935259356], [80.04223199490544, 12.82198050802332], [80.04252614519876, 12.82193841405891], [80.04258253736407, 12.822527168441571], [80.04241062978382, 12.822552317518584]]]}}, {"type": "Feature", "properties": {"id": "arch right side hostels:ground_truth:18", "site": "arch right side hostels", "source": "ground_truth", "class": "parcel_boundary", "area_sqm": 10063.9}, "geometry": {"type": "Polygon", "coordinates": [[[80.04340477515679, 12.822642630471057], [80.04335908776042, 12.82103284586551], [80.04387784732168, 12.821015059381617], [80.04392866105997, 12.822623816034536], [80.04385673275415, 12.822266846087807], [80.04387906246242, 12.822634311202425], [80.04340477515679, 12.822642630471057]]]}}, {"type": "Feature", "properties": {"id": "arch right side hostels:ground_truth:19", "site": "arch right side hostels", "source": "ground_truth", "class": "parcel_boundary", "area_sqm": 398.9}, "geometry": {"type": "Polygon", "coordinates": [[[80.04300427266588, 12.822665640034302], [80.04298239270004, 12.822384557562065], [80.04305338876054, 12.822374059131846], [80.04307276867439, 12.822382444718004], [80.04307284536281, 12.82243907504801], [80.04313745087372, 12.822462143960962], [80.04314398627561, 12.822516689376211], [80.04311602131106, 12.822531375001596], [80.04310758802012, 12.822659365900005], [80.04300427266588, 12.822665640034302]]]}}, {"type": "Feature", "properties": {"id": "arch right side hostels:ground_truth:20", "site": "arch right side hostels", "source": "ground_truth", "class": "parcel_boundary", "area_sqm": 2290.5}, "geometry": {"type": "Polygon", "coordinates": [[[80.04133349669354, 12.8229291371167], [80.04133356033073, 12.82263180140885], [80.04242784354966, 12.822583761381019], [80.04242581915892, 12.822745195868363], [80.04141282026193, 12.82279723131184], [80.04138493463442, 12.822935449879537], [80.04133349669354, 12.8229291371167]]]}}, {"type": "Feature", "properties": {"id": "arch right side hostels:ground_truth:21", "site": "arch right side hostels", "source": "ground_truth", "class": "parcel_boundary", "area_sqm": 328.1}, "geometry": {"type": "Polygon", "coordinates": [[[80.04200708779109, 12.823015473164244], [80.04202855089221, 12.82299242380957], [80.04260443424688, 12.822957125816957], [80.04261740102253, 12.823024280008006], [80.04234865524117, 12.823024095072752], [80.04232929583675, 12.822998910638407], [80.0422691437339, 12.823024040357545], [80.04200708779109, 12.823015473164244]]]}}, {"type": "Feature", "properties": {"id": "arch right side hostels:predicted:0", "site": "arch right side hostels", "source": "predicted", "class": "parcel_boundary", "area_sqm": 24.4}, "geometry": {"type": "Polygon", "coordinates": [[[80.04120336937739, 12.821176974132973], [80.04118411735419, 12.821181183662773], [80.04114776015426, 12.821174986824834], [80.04111354797918, 12.82116252518735], [80.04112424380696, 12.821154156925832], [80.04110927543041, 12.821152097172169], [80.04120551665447, 12.821151920809823], [80.04120336937739, 12.821176974132973]]]}}, {"type": "Feature", "properties": {"id": "arch right side hostels:predicted:1", "site": "arch right side hostels", "source": "predicted", "class": "parcel_boundary", "area_sqm": 181.5}, "geometry": {"type": "Polygon", "coordinates": [[[80.04321308166125, 12.821198477469462], [80.04319804584807, 12.821211063346864], [80.04306041668782, 12.82119874692641], [80.04297444907945, 12.82120936161342], [80.04294217481191, 12.821180123625474], [80.04293998698078, 12.82114874238752], [80.04321730833067, 12.821148234195276], [80.04321308166125, 12.821198477469462]]]}}, {"type": "Feature", "properties": {"id": "arch right side hostels:predicted:2", "site": "arch right side hostels", "source": "predicted", "class": "parcel_boundary", "area_sqm": 61.6}, "geometry": {"type": "Polygon", "coordinates": [[[80.04272307102174, 12.82121398558929], [80.04270796982034, 12.821149167559692], [80.04280677425396, 12.821148986500258], [80.04280033200806, 12.821151090201472], [80.04280893181902, 12.82115735027367], [80.04279821860243, 12.821182473362429], [80.0427767597612, 12.821203431632467], [80.04274455678983, 12.821220224063458], [80.04272307102174, 12.82121398558929]]]}}, {"type": "Feature", "properties": {"id": "arch right side hostels:predicted:3", "site": "arch right side hostels", "source": "predicted", "class": "parcel_boundary", "area_sqm": 162.8}, "geometry": {"type": "Polygon", "coordinates": [[[80.0417920857089, 12.821290830423548], [80.04177708570688, 12.82128040747006], [80.04171281658039, 12.821286782041877], [80.04170210347291, 12.821265906948804], [80.0417128037412, 12.821186502522943], [80.04173422368937, 12.821184375270356], [80.04174492901159, 12.82115093233499], [80.04181776688655, 12.821150798859357], [80.04182207322242, 12.82124481030509], [80.0417920857089, 12.821290830423548]]]}}, {"type": "Feature", "properties": {"id": "arch right side hostels:predicted:4", "site": "arch right side hostels", "source": "predicted", "class": "parcel_boundary", "area_sqm": 1155.9}, "geometry": {"type": "Polygon", "coordinates": [[[80.04260511422707, 12.821381543699783], [80.04248700531001, 12.821362896609326], [80.04243122584347, 12.82140481757156], [80.0422295002242, 12.82139466187808], [80.04212651258506, 12.821344636917027], [80.04203215789892, 12.821340604231871], [80.04202996270566, 12.821217285271713], [80.04217576650834, 12.821204489018589], [80.04221870884285, 12.82128385669328], [80.04225083627753, 12.821202266393147], [80.04260065399842, 12.821203741472534], [80.04260511422707, 12.821381543699783]]]}}, {"type": "Feature", "properties": {"id": "arch right side hostels:predicted:5", "site": "arch right side hostels", "source": "predicted", "class": "parcel_boundary", "area_sqm": 379.0}, "geometry": {"type": "Polygon", "coordinates": [[[80.04290810222446, 12.821437598840186], [80.04285653349207, 12.82144813911892], [80.0428049359714, 12.821427282983725], [80.04279201610306, 12.821402187380679], [80.04272327120376, 12.821406475238591], [80.04269317821324, 12.821387687245975], [80.04270592719463, 12.821251670465308], [80.04274027629876, 12.821234875629651], [80.0428326775402, 12.821257732802295], [80.0428907706765, 12.82132250788008], [80.04287794584953, 12.821381128900507], [80.04291235280579, 12.821397821504256], [80.04290810222446, 12.821437598840186]]]}}, {"type": "Feature", "properties": {"id": "arch right side hostels:predicted:6", "site": "arch right side hostels", "source": "predicted", "class": "parcel_boundary", "area_sqm": 99.8}, "geometry": {"type": "Polygon", "coordinates": [[[80.0419614659003, 12.821501688338236], [80.04194430507235, 12.82147453182338], [80.04195071233738, 12.82140344279145], [80.04196142611647, 12.821388793589694], [80.04201931041047, 12.82138243432601], [80.04202574623322, 12.821390786959906], [80.04202149533096, 12.82148278777989], [80.04200434772274, 12.821499539044629], [80.0419614659003, 12.821501688338236]]]}}, {"type": "Feature", "properties": {"id": "arch right side hostels:predicted:7", "site": "arch right side hostels", "source": "predicted", "class": "parcel_boundary", "area_sqm": 337.4}, "geometry": {"type": "Polygon", "coordinates": [[[80.04190576818752, 12.821641858742838], [80.0418157268648, 12.821614782204966], [80.04185421895868, 12.82125938276234], [80.04186495811602, 12.821351317832878], [80.0419206910653, 12.821372132893462], [80.04193570909922, 12.821411826900498], [80.04192291493312, 12.821625108688231], [80.04190576818752, 12.821641858742838]]]}}, {"type": "Feature", "properties": {"id": "arch right side hostels:predicted:8", "site": "arch right side hostels", "source": "predicted", "class": "parcel_boundary", "area_sqm": 1063.6}, "geometry": {"type": "Polygon", "coordinates": [[[80.04317944475267, 12.821730450940608], [80.04287407604274, 12.821745431970374], [80.04285461478426, 12.82164702892019], [80.04280741868996, 12.82172665354442], [80.04271285803911, 12.821724659589055], [80.04268919264192, 12.821695372925573], [80.04269331810536, 12.821525808583525], [80.04286952628492, 12.821531855445466], [80.04289742828864, 12.821498321939975], [80.04294049914441, 12.821563168761347], [80.04317060304321, 12.821567064250033], [80.04317944475267, 12.821730450940608]]]}}, {"type": "Feature", "properties": {"id": "arch right side hostels:predicted:9", "site": "arch right side hostels", "source": "predicted", "class": "parcel_boundary", "area_sqm": 744.3}, "geometry": {"type": "Polygon", "coordinates": [[[80.04153289873074, 12.821874354109724], [80.04139796246633, 12.821866107387818], [80.04136584774471, 12.821834777921527], [80.04130161938721, 12.821824385358765], [80.04129521620862, 12.821747059400943], [80.04134876451371, 12.821604898627426], [80.04143654372402, 12.821594342613531], [80.04143868763232, 12.821571353371422], [80.0415607515423, 12.821608819799495], [80.04153289873074, 12.821874354109724]]]}}, {"type": "Feature", "properties": {"id": "arch right side hostels:predicted:10", "site": "arch right side hostels", "source": "predicted", "class": "parcel_boundary", "area_sqm": 477.1}, "geometry": {"type": "Polygon", "coordinates": [[[80.04320173711666, 12.82225867306691], [80.04307042088222, 12.822237749828869], [80.04305079179932, 12.822040701761093], [80.04307222923646, 12.821984098471866], [80.04317549970595, 12.821977736906636], [80.0431992241816, 12.822013355422985], [80.04321883396821, 12.822174783270636], [80.04321678099934, 12.822241890178494], [80.04320173711666, 12.82225867306691]]]}}, {"type": "Feature", "properties": {"id": "arch right side hostels:predicted:11", "site": "arch right side hostels", "source": "predicted", "class": "parcel_boundary", "area_sqm": 342.5}, "geometry": {"type": "Polygon", "coordinates": [[[80.04307744903949, 12.822659359949734], [80.04304730691427, 12.82265515744139], [80.0430300457969, 12.822623681690022], [80.04300205271444, 12.822613187482036], [80.04298890658971, 12.822430694220575], [80.04300819667175, 12.822371970437361], [80.04306416306265, 12.822384543513481], [80.04307068461604, 12.822432782733783], [80.04313530413548, 12.822466339702062], [80.04313752198804, 12.82251249335033], [80.0431138686449, 12.822531374946763], [80.04310751825825, 12.822609005214382], [80.04307744903949, 12.822659359949734]]]}}, {"type": "Feature", "properties": {"id": "arch right side hostels:predicted:12", "site": "arch right side hostels", "source": "predicted", "class": "parcel_boundary", "area_sqm": 3889.1}, "geometry": {"type": "Polygon", "coordinates": [[[80.0412992074764, 12.822931212255716], [80.04133570379372, 12.82262761505243], [80.04239345042845, 12.822564892976915], [80.04236951823526, 12.822150034455495], [80.04223200364332, 12.821995162195327], [80.0425347504997, 12.821953066456992], [80.04257823442187, 12.822522975441059], [80.04241708054101, 12.822558606219014], [80.04242582077472, 12.822747292731922], [80.04139996105478, 12.822793038067552], [80.04139136504624, 12.822935453542712], [80.0412992074764, 12.822931212255716]]]}}, {"type": "Feature", "properties": {"id": "arch right side hostels:predicted:13", "site": "arch right side hostels", "source": "predicted", "class": "parcel_boundary", "area_sqm": 137.7}, "geometry": {"type": "Polygon", "coordinates": [[[80.0420242537903, 12.822986131087376], [80.04242599370049, 12.822971702942985], [80.04217246232686, 12.823021876633188], [80.04220039073674, 12.823023993045721], [80.04201568004837, 12.823023865938541], [80.0420242537903, 12.822986131087376]]]}}, {"type": "Feature", "properties": {"id": "bel block and canteen:ground_truth:0", "site": "bel block and canteen", "source": "ground_truth", "class": "parcel_boundary", "area_sqm": 300.6}, "geometry": {"type": "Polygon", "coordinates": [[[80.04295165805776, 12.823176686906866], [80.04292596009743, 12.823043048890995], [80.0429452054163, 12.823027545909445], [80.0431023422741, 12.823021588221586], [80.04310239178075, 12.823167562694112], [80.04309277639325, 12.82317686871493], [80.04295165805776, 12.823176686906866]]]}}, {"type": "Feature", "properties": {"id": "bel block and canteen:ground_truth:1", "site": "bel block and canteen", "source": "ground_truth", "class": "parcel_boundary", "area_sqm": 878.4}, "geometry": {"type": "Polygon", "coordinates": [[[80.04430796133083, 12.82320941488421], [80.04386101177354, 12.823205768154422], [80.04385448846473, 12.82304141460946], [80.0443014086387, 12.823048318444267], [80.04430796133083, 12.82320941488421]]]}}, {"type": "Feature", "properties": {"id": "bel block and canteen:ground_truth:2", "site": "bel block and canteen", "source": "ground_truth", "class": "parcel_boundary", "area_sqm": 631.2}, "geometry": {"type": "Polygon", "coordinates": [[[80.04440073812569, 12.823475956438742], [80.0443973872586, 12.823333434150213], [80.04444198753701, 12.823305597809732], [80.04444829760476, 12.823249850413202], [80.04465221431784, 12.823256273320627], [80.04465546726382, 12.823308909786627], [80.0446968895288, 12.823327526815655], [80.04469389350704, 12.823469950711095], [80.0446365651732, 12.823469913305384], [80.04463010316161, 12.823398682627188], [80.04460779350376, 12.823389374201989], [80.04459196264165, 12.823466787011492], [80.0445409936295, 12.8234760460551], [80.04452177884089, 12.823398595091932], [80.04448352341326, 12.823389271259133], [80.04446450127882, 12.823475997180255], [80.04440073812569, 12.823475956438742]]]}}, {"type": "Feature", "properties": {"id": "bel block and canteen:ground_truth:3", "site": "bel block and canteen", "source": "ground_truth", "class": "parcel_boundary", "area_sqm": 361.4}, "geometry": {"type": "Polygon", "coordinates": [[[80.04339430315306, 12.823826291165494], [80.04324369608622, 12.823823202417026], [80.04323401431921, 12.823667831230308], [80.04324682165878, 12.823636764019646], [80.04340701951365, 12.823643021752972], [80.04339430315306, 12.823826291165494]]]}}, {"type": "Feature", "properties": {"id": "bel block and canteen:ground_truth:4", "site": "bel block and canteen", "source": "ground_truth", "class": "parcel_boundary", "area_sqm": 8896.2}, "geometry": {"type": "Polygon", "coordinates": [[[80.04350990569498, 12.824354450304448], [80.04350641046825, 12.823857336799069], [80.04360242093247, 12.823820054493977], [80.04343913175295, 12.82380143496086], [80.04344842371545, 12.823230093465861], [80.0437555561411, 12.823236657744594], [80.04377166484659, 12.823401091415358], [80.04380670194477, 12.823233615454129], [80.04425059423122, 12.823255823807536], [80.04422610443066, 12.824257346503336], [80.04374671199865, 12.82425164606761], [80.0437591874238, 12.823820036904568], [80.04363441865374, 12.823813840881561], [80.04365397402621, 12.824338731795823], [80.04350990569498, 12.824354450304448]]]}}, {"type": "Feature", "properties": {"id": "bel block and canteen:ground_truth:5", "site": "bel block and canteen", "source": "ground_truth", "class": "parcel_boundary", "area_sqm": 1315.6}, "geometry": {"type": "Polygon", "coordinates": [[[80.04458125794457, 12.825097584613193], [80.04425890295263, 12.825089203358013], [80.04425846209473, 12.82467004714316], [80.04430290102661, 12.824431005237786], [80.04437950663676, 12.824443303859411], [80.04434139512033, 12.824607816275867], [80.04429671746823, 12.824617208892068], [80.04429048242538, 12.824756896552719], [80.04436072766806, 12.824772263677445], [80.04437676250541, 12.824840511877353], [80.04458731335914, 12.824840019089097], [80.04458125794457, 12.825097584613193]]]}}, {"type": "Feature", "properties": {"id": "bel block and canteen:ground_truth:6", "site": "bel block and canteen", "source": "ground_truth", "class": "parcel_boundary", "area_sqm": 8735.4}, "geometry": {"type": "Polygon", "coordinates": [[[80.04419822597148, 12.825101802705394], [80.0431800753743, 12.825107878404124], [80.04316387223811, 12.824687758599302], [80.04292948901853, 12.82442365495843], [80.0429486122077, 12.82384189579963], [80.04311224255794, 12.823841869687168], [80.0431444755047, 12.824286491109984], [80.04296477412416, 12.824292916493242], [80.04317669171559, 12.824653507663717], [80.04319585258372, 12.824435716508551], [80.04370204581284, 12.824431874144064], [80.04368937302137, 12.82461522633733], [80.04341082733325, 12.824786786176793], [80.0437599827013, 12.824888578266535], [80.04380766036316, 12.82447210302469], [80.04423267595526, 12.824437313457828], [80.04419822597148, 12.825101802705394]]]}}, {"type": "Feature", "properties": {"id": "bel block and canteen:ground_truth:7", "site": "bel block and canteen", "source": "ground_truth", "class": "parcel_boundary", "area_sqm": 1164.1}, "geometry": {"type": "Polygon", "coordinates": [[[80.04439994767826, 12.825582597611207], [80.04439344574364, 12.825480110117576], [80.04450513926989, 12.825461059876439], [80.04451139011447, 12.825352355314493], [80.04468362673364, 12.825351759538714], [80.04468339031807, 12.825171759493807], [80.0448108710826, 12.825168266419617], [80.04481129867996, 12.825475445128186], [80.04467421972028, 12.825472852135558], [80.04465207822662, 12.825612648578387], [80.04445425117997, 12.825610339221283], [80.04439994767826, 12.825582597611207]]]}}, {"type": "Feature", "properties": {"id": "bel block and canteen:ground_truth:8", "site": "bel block and canteen", "source": "ground_truth", "class": "parcel_boundary", "area_sqm": 374.9}, "geometry": {"type": "Polygon", "coordinates": [[[80.04471329151343, 12.826081334031443], [80.04469412565663, 12.826059685381306], [80.04469062095527, 12.825820539193453], [80.04480856919201, 12.825804486728039], [80.04481212842147, 12.826071517397606], [80.04471329151343, 12.826081334031443]]]}}, {"type": "Feature", "properties": {"id": "bel block and canteen:ground_truth:9", "site": "bel block and canteen", "source": "ground_truth", "class": "parcel_boundary", "area_sqm": 2926.5}, "geometry": {"type": "Polygon", "coordinates": [[[80.04347891613558, 12.826177905803995], [80.04346919353394, 12.825997295168293], [80.04353330675318, 12.825981413576494], [80.04353642180293, 12.825831940683234], [80.04345945355425, 12.825782465287562], [80.043459396155, 12.825679718330859], [80.04353631991988, 12.825663833972301], [80.04353625955471, 12.825564231615415], [80.04346893864155, 12.825545818209466], [80.04346243643711, 12.825383992987271], [80.04330851988105, 12.82537830833012], [80.04331162990927, 12.825169740190512], [80.04369296486331, 12.825171686088646], [80.04370006996892, 12.826164290236981], [80.04347891613558, 12.826177905803995]]]}}, {"type": "Feature", "properties": {"id": "bel block and canteen:predicted:0", "site": "bel block and canteen", "source": "predicted", "class": "parcel_boundary", "area_sqm": 402.5}, "geometry": {"type": "Polygon", "coordinates": [[[80.04334946288988, 12.823848045925574], [80.04326293598541, 12.823841845639208], [80.0432340730861, 12.82380766498734], [80.04323721954707, 12.823667831933623], [80.04325323158906, 12.823636765859934], [80.04328527294028, 12.8236243484255], [80.04337498941847, 12.823643012990646], [80.04340063659771, 12.823686504131636], [80.04340710791472, 12.823810756777215], [80.04339430476581, 12.823829397843392], [80.04334946288988, 12.823848045925574]]]}}, {"type": "Feature", "properties": {"id": "bel block and canteen:predicted:1", "site": "bel block and canteen", "source": "predicted", "class": "parcel_boundary", "area_sqm": 3062.3}, "geometry": {"type": "Polygon", "coordinates": [[[80.04361235077863, 12.824323247854068], [80.0429262507658, 12.824305407087039], [80.04295502588059, 12.823820127132564], [80.04305770237785, 12.823810788886087], [80.04322774475509, 12.824006584559417], [80.04340396513035, 12.823925707475924], [80.04355129857218, 12.82396603593071], [80.04361235077863, 12.824323247854068]]]}}, {"type": "Feature", "properties": {"id": "bel block and canteen:predicted:2", "site": "bel block and canteen", "source": "predicted", "class": "parcel_boundary", "area_sqm": 603.3}, "geometry": {"type": "Polygon", "coordinates": [[[80.0445611914555, 12.824346906469733], [80.04430918717183, 12.82434101987195], [80.04435050893481, 12.824192077442879], [80.04443015162836, 12.824095876477283], [80.04447160662268, 12.82409274643885], [80.04452903999695, 12.824126806669497], [80.04456091494414, 12.824123681805355], [80.0445611914555, 12.824346906469733]]]}}, {"type": "Feature", "properties": {"id": "bel block and canteen:predicted:3", "site": "bel block and canteen", "source": "predicted", "class": "parcel_boundary", "area_sqm": 7242.4}, "geometry": {"type": "Polygon", "coordinates": [[[80.04422940607704, 12.824362840849483], [80.04373711631386, 12.824254762166444], [80.04375917587227, 12.823804516161836], [80.04343912665753, 12.823792116194989], [80.04343570743636, 12.823394612713829], [80.04456001297142, 12.823395528854197], [80.04456025469736, 12.823590671628482], [80.0442380294463, 12.823444856912257], [80.04427981335193, 12.823733164827852], [80.04417775046484, 12.82379828081487], [80.04422940607704, 12.824362840849483]]]}}, {"type": "Feature", "properties": {"id": "bel block and canteen:predicted:4", "site": "bel block and canteen", "source": "predicted", "class": "parcel_boundary", "area_sqm": 404.9}, "geometry": {"type": "Polygon", "coordinates": [[[80.04456149493754, 12.824591904278693], [80.04435413384671, 12.824582967891528], [80.04429660733395, 12.8245147966677], [80.04429653058192, 12.824443426100641], [80.04456133358124, 12.82446164306085], [80.04456149493754, 12.824591904278693]]]}}, {"type": "Feature", "properties": {"id": "bel block and canteen:predicted:5", "site": "bel block and canteen", "source": "predicted", "class": "parcel_boundary", "area_sqm": 896.4}, "geometry": {"type": "Polygon", "coordinates": [[[80.04456211755479, 12.825094536531852], [80.04426209996846, 12.825092299799035], [80.04427460751057, 12.824840750968201], [80.04430974188135, 12.824853086326764], [80.04434802571066, 12.824831266846468], [80.04439911697081, 12.82485287472407], [80.04456178313829, 12.824824565663857], [80.04456211755479, 12.825094536531852]]]}}, {"type": "Feature", "properties": {"id": "bel block and canteen:predicted:6", "site": "bel block and canteen", "source": "predicted", "class": "parcel_boundary", "area_sqm": 7671.3}, "geometry": {"type": "Polygon", "coordinates": [[[80.0431864905652, 12.825101633711768], [80.04319906234454, 12.824441932538312], [80.04369244710364, 12.824434995011531], [80.04371825630773, 12.824723943196652], [80.04380445670841, 12.824465895209354], [80.04422629018104, 12.824437322778909], [80.04418863246528, 12.825092512083765], [80.04378254177439, 12.825096794405047], [80.04377286781622, 12.825000449423], [80.04368322701077, 12.824982035052463], [80.04368330501934, 12.825093972230032], [80.0431864905652, 12.825101633711768]]]}}, {"type": "Feature", "properties": {"id": "bel block and canteen:predicted:7", "site": "bel block and canteen", "source": "predicted", "class": "parcel_boundary", "area_sqm": 49.6}, "geometry": {"type": "Polygon", "coordinates": [[[80.04294571610329, 12.825136594142338], [80.04293929015368, 12.825130383727613], [80.04294248519264, 12.82505873838539], [80.04295211509552, 12.825033796524806], [80.04295853801658, 12.825030664581677], [80.04298102197393, 12.82503994515827], [80.04301634668015, 12.82504296129667], [80.04301956125624, 12.825055408006802], [80.04300672040175, 12.825067900146779], [80.04297782023748, 12.825077324730044], [80.04296498288466, 12.82511473478059], [80.04295214038946, 12.825136575013142], [80.04294571610329, 12.825136594142338]]]}}, {"type": "Feature", "properties": {"id": "bel block and canteen:predicted:8", "site": "bel block and canteen", "source": "predicted", "class": "parcel_boundary", "area_sqm": 801.3}, "geometry": {"type": "Polygon", "coordinates": [[[80.04292656772323, 12.82568193727607], [80.04292644933908, 12.825167800845108], [80.04308060358825, 12.82518290126831], [80.04304855068115, 12.825357415355189], [80.0430807038905, 12.825491246346092], [80.0430486268205, 12.825606645032975], [80.04300687465656, 12.82561927675302], [80.04302937513889, 12.825672160377444], [80.04292656772323, 12.82568193727607]]]}}, {"type": "Feature", "properties": {"id": "bel block and canteen:predicted:9", "site": "bel block and canteen", "source": "predicted", "class": "parcel_boundary", "area_sqm": 682.9}, "geometry": {"type": "Polygon", "coordinates": [[[80.04456322153479, 12.825985767785028], [80.04446748828279, 12.826007985685234], [80.04444826247429, 12.825949031307287], [80.04440035446714, 12.8259399354118], [80.04436838271691, 12.825909005560984], [80.04435221298365, 12.825728826006152], [80.04441281100888, 12.825663320419396], [80.04447028073179, 12.8256692955691], [80.04451501648234, 12.825712597410188], [80.04456288290326, 12.82571239417528], [80.04456322153479, 12.825985767785028]]]}}, {"type": "Feature", "properties": {"id": "bel block and canteen:predicted:10", "site": "bel block and canteen", "source": "predicted", "class": "parcel_boundary", "area_sqm": 1171.5}, "geometry": {"type": "Polygon", "coordinates": [[[80.04401689507614, 12.826028854646005], [80.04398483150091, 12.825948127130628], [80.04401676039177, 12.82587954471359], [80.04398153087018, 12.8258330494676], [80.04397819514939, 12.825677557810744], [80.04425314363938, 12.825688844770394], [80.04428528416545, 12.825868982499411], [80.04427905621685, 12.826021343601669], [80.04401689507614, 12.826028854646005]]]}}, {"type": "Feature", "properties": {"id": "bel block and canteen:predicted:11", "site": "bel block and canteen", "source": "predicted", "class": "parcel_boundary", "area_sqm": 185.3}, "geometry": {"type": "Polygon", "coordinates": [[[80.04434312186405, 12.826173368496724], [80.04434305327894, 12.82611118580893], [80.04435581065076, 12.826092467099274], [80.04449634334938, 12.826110401806622], [80.04456336779731, 12.826103843959165], [80.04456345248535, 12.826172211703039], [80.04434312186405, 12.826173368496724]]]}}, {"type": "Feature", "properties": {"id": "bel block and canteen:predicted:12", "site": "bel block and canteen", "source": "predicted", "class": "parcel_boundary", "area_sqm": 7387.7}, "geometry": {"type": "Polygon", "coordinates": [[[80.04344684588358, 12.826178074181248], [80.04348180915426, 12.825629815290005], [80.04326055705073, 12.825736612986985], [80.04324427271627, 12.8251761715038], [80.04363533313932, 12.825184303323368], [80.04369955306805, 12.825432929264233], [80.0436961644705, 12.825168566508486], [80.04420475749792, 12.825241569734176], [80.04423057487368, 12.825493148358927], [80.04431648143131, 12.825179095587192], [80.0445622790371, 12.825224899469214], [80.04456276363979, 12.825616114043783], [80.04423697115293, 12.825499339053769], [80.04395252518499, 12.825587479486227], [80.04384993469115, 12.825339096168115], [80.04381494770382, 12.825616021198892], [80.04370290523195, 12.825644476245197], [80.04369684870498, 12.82613939855941], [80.04344684588358, 12.826178074181248]]]}}, {"type": "Feature", "properties": {"id": "bel block and canteen:predicted:13", "site": "bel block and canteen", "source": "predicted", "class": "parcel_boundary", "area_sqm": 711.9}, "geometry": {"type": "Polygon", "coordinates": [[[80.04292668259167, 12.82618080517528], [80.04292658136015, 12.825741161792397], [80.04298763183407, 12.825737782903762], [80.04300052391329, 12.825887342232532], [80.0430262221176, 12.825874755465394], [80.04301978173255, 12.825821796372352], [80.0430486906052, 12.825815433820509], [80.04303264615768, 12.825871609023896], [80.04311295146303, 12.825896173225905], [80.04312260720823, 12.825958460208588], [80.04308412293283, 12.826126977398687], [80.04300701767554, 12.826130491467316], [80.04299417767534, 12.826180450808346], [80.04292668259167, 12.82618080517528]]]}}, {"type": "Feature", "properties": {"id": "law school:ground_truth:0", "site": "law school", "source": "ground_truth", "class": "parcel_boundary", "area_sqm": 1150.8}, "geometry": {"type": "Polygon", "coordinates": [[[80.04694310632513, 12.825213504208259], [80.04622822907338, 12.825204540258255], [80.04621523414525, 12.82507711587258], [80.04694274501122, 12.825076734111153], [80.04694310632513, 12.825213504208259]]]}}, {"type": "Feature", "properties": {"id": "law school:ground_truth:1", "site": "law school", "source": "ground_truth", "class": "parcel_boundary", "area_sqm": 1058.5}, "geometry": {"type": "Polygon", "coordinates": [[[80.04395025507574, 12.82561608554844], [80.04393453748341, 12.825317589988689], [80.04402703535276, 12.825311327758453], [80.04404624796621, 12.825196324456538], [80.04420569218742, 12.825221104889238], [80.04422150574158, 12.825510216131548], [80.04406835259208, 12.825541386212302], [80.04405872946809, 12.825622257691926], [80.04395025507574, 12.82561608554844]]]}}, {"type": "Feature", "properties": {"id": "law school:ground_truth:2", "site": "law school", "source": "ground_truth", "class": "parcel_boundary", "area_sqm": 4898.2}, "geometry": {"type": "Polygon", "coordinates": [[[80.04560972759602, 12.825649561300029], [80.04468733427613, 12.825625085533515], [80.04468730203102, 12.82517113668331], [80.04552943950259, 12.825176921552742], [80.04552652065779, 12.825441185360672], [80.04561589751717, 12.825459802967195], [80.04560972759602, 12.825649561300029]]]}}, {"type": "Feature", "properties": {"id": "law school:ground_truth:3", "site": "law school", "source": "ground_truth", "class": "parcel_boundary", "area_sqm": 738.2}, "geometry": {"type": "Polygon", "coordinates": [[[80.04427872512277, 12.826036070318047], [80.04413826626477, 12.826036125584569], [80.04413199549026, 12.82583379570998], [80.0439788185336, 12.82582141231338], [80.04398849159051, 12.825684504269796], [80.04413526503618, 12.82569377263652], [80.04416075973339, 12.82575598797766], [80.04427564055396, 12.825765273258158], [80.04427872512277, 12.826036070318047]]]}}, {"type": "Feature", "properties": {"id": "law school:ground_truth:4", "site": "law school", "source": "ground_truth", "class": "parcel_boundary", "area_sqm": 4712.7}, "geometry": {"type": "Polygon", "coordinates": [[[80.04634815963989, 12.826153621791423], [80.04584663682942, 12.826144465812368], [80.04586150224821, 12.825360172488741], [80.04635620224137, 12.825372370985361], [80.04634815963989, 12.826153621791423]]]}}, {"type": "Feature", "properties": {"id": "law school:ground_truth:5", "site": "law school", "source": "ground_truth", "class": "parcel_boundary", "area_sqm": 672.4}, "geometry": {"type": "Polygon", "coordinates": [[[80.04644417803297, 12.826240823985549], [80.04643941925333, 12.825484298082138], [80.0464664643792, 12.826203425715791], [80.04657828529331, 12.826203384294498], [80.04657766198267, 12.8259230556806], [80.04687148985737, 12.825913593964348], [80.04685525825273, 12.825810856464962], [80.04658057854418, 12.82579852124469], [80.04658919103544, 12.825366038450221], [80.04647740413992, 12.825331886424772], [80.04660187458813, 12.825328715875107], [80.04661245693872, 12.825773605147482], [80.04689351908608, 12.825785936049815], [80.04690031786836, 12.825944721672341], [80.04661287272009, 12.825957294270165], [80.04660710306752, 12.826231416458041], [80.04644417803297, 12.826240823985549]]]}}, {"type": "Feature", "properties": {"id": "law school:ground_truth:6", "site": "law school", "source": "ground_truth", "class": "parcel_boundary", "area_sqm": 330.0}, "geometry": {"type": "Polygon", "coordinates": [[[80.04601327907011, 12.826490314776777], [80.04589507525928, 12.826509059324035], [80.04584393985627, 12.826502840946226], [80.04583730825958, 12.826328294164464], [80.0458660477972, 12.826318935091557], [80.04596832340347, 12.826346946564936], [80.04600994110473, 12.826399916224094], [80.04601327907011, 12.826490314776777]]]}}, {"type": "Feature", "properties": {"id": "law school:ground_truth:7", "site": "law school", "source": "ground_truth", "class": "parcel_boundary", "area_sqm": 526.9}, "geometry": {"type": "Polygon", "coordinates": [[[80.0453838561008, 12.826527932190714], [80.04537086418242, 12.826278603767953], [80.04554973424597, 12.826272307685892], [80.04555638377128, 12.826518523177878], [80.0453838561008, 12.826527932190714]]]}}, {"type": "Feature", "properties": {"id": "law school:ground_truth:8", "site": "law school", "source": "ground_truth", "class": "parcel_boundary", "area_sqm": 1917.5}, "geometry": {"type": "Polygon", "coordinates": [[[80.04472573566055, 12.826559320524527], [80.04470973682751, 12.826291304036694], [80.04475443759347, 12.826222750175425], [80.04470653482757, 12.826200962688995], [80.04470011629537, 12.825827331800706], [80.04492355216018, 12.825811675866648], [80.04493019483361, 12.826556137176585], [80.04472573566055, 12.826559320524527]]]}}, {"type": "Feature", "properties": {"id": "law school:ground_truth:9", "site": "law school", "source": "ground_truth", "class": "parcel_boundary", "area_sqm": 1139.9}, "geometry": {"type": "Polygon", "coordinates": [[[80.04472895682143, 12.826783836079992], [80.04474491012996, 12.82660919712883], [80.04529766673082, 12.82662773197838], [80.04530095561671, 12.826749358382518], [80.04522106367774, 12.826752501065394], [80.04519232227553, 12.826783701251253], [80.04484399845092, 12.826802517794635], [80.04472895682143, 12.826783836079992]]]}}, {"type": "Feature", "properties": {"id": "law school:ground_truth:10", "site": "law school", "source": "ground_truth", "class": "parcel_boundary", "area_sqm": 1445.1}, "geometry": {"type": "Polygon", "coordinates": [[[80.04640061409783, 12.826817668773732], [80.04629192329783, 12.826820819894488], [80.04622088926874, 12.82643413208503], [80.04614416136268, 12.826412338157851], [80.04616296228443, 12.826200422569773], [80.04633869147763, 12.826212820116298], [80.04634537387668, 12.826362397958983], [80.04642849116767, 12.826381070312443], [80.04646731382486, 12.826608654730107], [80.04642903514177, 12.8266460912157], [80.04643890760052, 12.826783338523468], [80.04640061409783, 12.826817668773732]]]}}, {"type": "Feature", "properties": {"id": "law school:ground_truth:11", "site": "law school", "source": "ground_truth", "class": "parcel_boundary", "area_sqm": 484.5}, "geometry": {"type": "Polygon", "coordinates": [[[80.04601383583866, 12.826842739209914], [80.04599778872655, 12.826802185027082], [80.04596578479709, 12.826777237013124], [80.04595590253085, 12.826583869543953], [80.04597186230008, 12.826571391850385], [80.04609010134065, 12.826568235861275], [80.04612870760145, 12.826717920366805], [80.04612569758521, 12.826827107344595], [80.0461129315186, 12.826839591096405], [80.04601383583866, 12.826842739209914]]]}}, {"type": "Feature", "properties": {"id": "law school:ground_truth:12", "site": "law school", "source": "ground_truth", "class": "parcel_boundary", "area_sqm": 168.7}, "geometry": {"type": "Polygon", "coordinates": [[[80.04694783841717, 12.827004768457439], [80.04687427326049, 12.827001666069123], [80.04686767803179, 12.826923636035472], [80.04682283102044, 12.826892439588423], [80.04682560685526, 12.826723950402286], [80.04694711294961, 12.826730153324528], [80.04694719536629, 12.826761350950635], [80.04685127809267, 12.826761379147339], [80.0468547443615, 12.826867465358378], [80.04689958355013, 12.82689553920006], [80.0468965712805, 12.82696732443411], [80.04694775595485, 12.826973553551253], [80.04694783841717, 12.827004768457439]]]}}, {"type": "Feature", "properties": {"id": "law school:ground_truth:13", "site": "law school", "source": "ground_truth", "class": "parcel_boundary", "area_sqm": 273.7}, "geometry": {"type": "Polygon", "coordinates": [[[80.0459662226954, 12.827064330780038], [80.04595024921602, 12.827073699706862], [80.04577757355872, 12.827064378413338], [80.04575836933034, 12.827048775959886], [80.04575508780093, 12.82698323220314], [80.04577745082607, 12.826970742693057], [80.0459628494455, 12.826948847473846], [80.04597245511506, 12.826958207359338], [80.0459662226954, 12.827064330780038]]]}}, {"type": "Feature", "properties": {"id": "law school:ground_truth:14", "site": "law school", "source": "ground_truth", "class": "parcel_boundary", "area_sqm": 1763.2}, "geometry": {"type": "Polygon", "coordinates": [[[80.04537473637538, 12.82707384428356], [80.04536485111672, 12.8267243873108], [80.04550225903593, 12.826711870419098], [80.0455053517888, 12.826608957659658], [80.04561399574038, 12.826605805236248], [80.04563329429915, 12.826714949973903], [80.04580587621815, 12.826711779088917], [80.04583167207369, 12.82687711179601], [80.04570064297903, 12.826905230598285], [80.04569440897015, 12.827036306912724], [80.04537473637538, 12.82707384428356]]]}}, {"type": "Feature", "properties": {"id": "law school:ground_truth:15", "site": "law school", "source": "ground_truth", "class": "parcel_boundary", "area_sqm": 2002.4}, "geometry": {"type": "Polygon", "coordinates": [[[80.04609420419841, 12.827111125850978], [80.04610029603677, 12.826930085938567], [80.04621218691581, 12.826923814158638], [80.04625720912946, 12.8270642573069], [80.0464138211847, 12.827023636284448], [80.04640391212808, 12.826867591336947], [80.04670117487318, 12.826830063584294], [80.04673723020731, 12.827198399779462], [80.04633427221583, 12.827226599448702], [80.04627985803512, 12.827204752280052], [80.04625402291668, 12.827070501611477], [80.04622856584515, 12.82713919212943], [80.04609420419841, 12.827111125850978]]]}}, {"type": "Feature", "properties": {"id": "law school:ground_truth:16", "site": "law school", "source": "ground_truth", "class": "parcel_boundary", "area_sqm": 1457.9}, "geometry": {"type": "Polygon", "coordinates": [[[80.04469705774133, 12.827454957148367], [80.04470983101459, 12.827267564211084], [80.04496880548366, 12.827255015724173], [80.04499754862526, 12.827176952583457], [80.04529170180993, 12.827189371474077], [80.04529178703079, 12.827301785119962], [80.04520866182682, 12.827326787838537], [80.04519274334255, 12.82743611462855], [80.04469705774133, 12.827454957148367]]]}}, {"type": "Feature", "properties": {"id": "law school:ground_truth:17", "site": "law school", "source": "ground_truth", "class": "parcel_boundary", "area_sqm": 372.3}, "geometry": {"type": "Polygon", "coordinates": [[[80.04450518603385, 12.827504978189365], [80.04448919973184, 12.827486237065653], [80.04448283499786, 12.827295717810609], [80.0445020196252, 12.827280100757944], [80.04461072012128, 12.827280076520065], [80.04462670578609, 12.82729256337744], [80.0446299040355, 12.827483085651084], [80.04461071662872, 12.827495585556703], [80.04450518603385, 12.827504978189365]]]}}, {"type": "Feature", "properties": {"id": "law school:ground_truth:18", "site": "law school", "source": "ground_truth", "class": "parcel_boundary", "area_sqm": 243.4}, "geometry": {"type": "Polygon", "coordinates": [[[80.04431006897109, 12.827654994326332], [80.04430048123803, 12.827636245869465], [80.04431012152638, 12.82750813970685], [80.04432611423809, 12.827495640611856], [80.04443483410087, 12.827504991708297], [80.04443800200974, 12.82764559704432], [80.04433565276648, 12.827661240177724], [80.04431006897109, 12.827654994326332]]]}}, {"type": "Feature", "properties": {"id": "law school:ground_truth:19", "site": "law school", "source": "ground_truth", "class": "parcel_boundary", "area_sqm": 6567.4}, "geometry": {"type": "Polygon", "coordinates": [[[80.04400944429591, 12.827661295878308], [80.04393278455355, 12.82754570025013], [80.04401268794021, 12.827595675118586], [80.04405114461301, 12.827467580096425], [80.04393294182178, 12.82734580008797], [80.04401930281543, 12.827277086103317], [80.0440735963426, 12.82735513845897], [80.04403279342165, 12.82623236015727], [80.04432654235269, 12.826235367481656], [80.04434574045425, 12.826110777038066], [80.0445883895673, 12.826098227235553], [80.04461072700018, 12.826855614074734], [80.04422727353742, 12.82686508011246], [80.04430713602044, 12.82692121194975], [80.04430698820221, 12.827330105872615], [80.0444316720111, 12.82734257043156], [80.04443484557821, 12.827451885621654], [80.04406397969574, 12.827395739460284], [80.04400944429591, 12.827661295878308]]]}}, {"type": "Feature", "properties": {"id": "law school:ground_truth:20", "site": "law school", "source": "ground_truth", "class": "parcel_boundary", "area_sqm": 944.2}, "geometry": {"type": "Polygon", "coordinates": [[[80.04627114570086, 12.827676539827053], [80.04622885625626, 12.827298455589698], [80.04643032278689, 12.827273424166265], [80.04647590662925, 12.827654622651187], [80.04627114570086, 12.827676539827053]]]}}, {"type": "Feature", "properties": {"id": "law school:ground_truth:21", "site": "law school", "source": "ground_truth", "class": "parcel_boundary", "area_sqm": 3673.8}, "geometry": {"type": "Polygon", "coordinates": [[[80.04540097113139, 12.827820492718454], [80.0453847833174, 12.827601678788644], [80.0455862863764, 12.827567266259235], [80.04557321414674, 12.827311092674599], [80.04602081888417, 12.827214180676606], [80.04615203626523, 12.827267240161774], [80.04611132778872, 12.827782864106428], [80.0459193491152, 12.827804781036605], [80.04584220836573, 12.82756096907214], [80.04575905772751, 12.827582860249676], [80.04576573577111, 12.827798550729632], [80.04566335135485, 12.827811073215466], [80.04559589034828, 12.827573514574032], [80.04555776365856, 12.827820469371192], [80.04540097113139, 12.827820492718454]]]}}, {"type": "Feature", "properties": {"id": "law school:ground_truth:22", "site": "law school", "source": "ground_truth", "class": "parcel_boundary", "area_sqm": 2259.1}, "geometry": {"type": "Polygon", "coordinates": [[[80.0445147380909, 12.827836256722371], [80.04451477293185, 12.827558089425494], [80.04480900123716, 12.827539287747197], [80.04482181517939, 12.827633029902165], [80.0448921867179, 12.827639268022564], [80.04491454047718, 12.82752677003974], [80.04502008117473, 12.82751737672968], [80.04502652349824, 12.827617368240523], [80.04508090848189, 12.827629859411596], [80.04510643061015, 12.827504862653308], [80.04521837748803, 12.827507965563873], [80.04520899568116, 12.827829901353736], [80.0447258831363, 12.827845605495378], [80.0446906800471, 12.827695559145951], [80.04463310402005, 12.827711196556884], [80.0446267068686, 12.827842493356497], [80.0445147380909, 12.827836256722371]]]}}, {"type": "Feature", "properties": {"id": "law school:ground_truth:23", "site": "law school", "source": "ground_truth", "class": "parcel_boundary", "area_sqm": 73.2}, "geometry": {"type": "Polygon", "coordinates": [[[80.04393242551772, 12.828002062719124], [80.04393245504157, 12.827964535619092], [80.04398366468446, 12.827930131734275], [80.04398047948926, 12.827911371155512], [80.04393251900126, 12.827883237877792], [80.04393574465249, 12.827848846736066], [80.04401887465728, 12.827898858957022], [80.04403485217688, 12.827923871075935], [80.04393242551772, 12.828002062719124]]]}}, {"type": "Feature", "properties": {"id": "law school:ground_truth:24", "site": "law school", "source": "ground_truth", "class": "parcel_boundary", "area_sqm": 132.3}, "geometry": {"type": "Polygon", "coordinates": [[[80.04675201892468, 12.828023613688549], [80.04675806601118, 12.827876585880082], [80.04695012495313, 12.827870303215825], [80.04695052989928, 12.828023589658601], [80.04692778943736, 12.827898456963288], [80.0467869535149, 12.827907860169814], [80.04678723782587, 12.828023609425266], [80.04675201892468, 12.828023613688549]]]}}, {"type": "Feature", "properties": {"id": "law school:ground_truth:25", "site": "law school", "source": "ground_truth", "class": "parcel_boundary", "area_sqm": 274.3}, "geometry": {"type": "Polygon", "coordinates": [[[80.04535634339423, 12.828023782636437], [80.04537543697886, 12.827895544223301], [80.04567945990816, 12.827901756892414], [80.04568280681528, 12.82802374311772], [80.0456475985707, 12.828023747379714], [80.0456314804796, 12.827923655905433], [80.04558988637372, 12.827933044249232], [80.0455899858123, 12.828023754353794], [80.04555477846326, 12.828023758615679], [80.04553547429636, 12.827926796377668], [80.04548747649302, 12.827933057918896], [80.04548756537655, 12.828023766751889], [80.04545876014693, 12.82802377023879], [80.0454554739947, 12.827933062190588], [80.04543306379907, 12.827923682645167], [80.04538826966179, 12.82793307116102], [80.04538834832066, 12.82802377876221], [80.04535634339423, 12.828023782636437]]]}}, {"type": "Feature", "properties": {"id": "law school:ground_truth:26", "site": "law school", "source": "ground_truth", "class": "parcel_boundary", "area_sqm": 190.0}, "geometry": {"type": "Polygon", "coordinates": [[[80.04505551080618, 12.828023819052516], [80.04506503953266, 12.827879951922913], [80.04528263964933, 12.827898684312645], [80.04528593354415, 12.82802379115962], [80.04525072912858, 12.828023795421148], [80.04525065575899, 12.827920579837857], [80.0451930580394, 12.827923714989678], [80.04519312263572, 12.82802380239447], [80.04516111942155, 12.82802380626849], [80.04516105655944, 12.82792059195114], [80.04510024991241, 12.827904963879254], [80.045084255733, 12.82791434776417], [80.0450843128527, 12.828023815566], [80.04505551080618, 12.828023819052516]]]}}, {"type": "Feature", "properties": {"id": "law school:ground_truth:27", "site": "law school", "source": "ground_truth", "class": "parcel_boundary", "area_sqm": 101.7}, "geometry": {"type": "Polygon", "coordinates": [[[80.04486670302032, 12.828023841907884], [80.04487306521848, 12.827889359829708], [80.04497865242102, 12.827889345102486], [80.0449883069151, 12.828023827187613], [80.0449595056264, 12.828023830674038], [80.04495946759266, 12.827923746469624], [80.04494026456214, 12.827911240164372], [80.04489867155921, 12.827920627424039], [80.04489230350349, 12.828023838808921], [80.04486670302032, 12.828023841907884]]]}}, {"type": "Feature", "properties": {"id": "law school:ground_truth:28", "site": "law school", "source": "ground_truth", "class": "parcel_boundary", "area_sqm": 205.3}, "geometry": {"type": "Polygon", "coordinates": [[[80.04428754008889, 12.828023912016123], [80.0442875736546, 12.827936345147663], [80.04436755693526, 12.827930080327844], [80.04439635616788, 12.827908187462139], [80.04459151333097, 12.827914414802333], [80.04459790879105, 12.828023874445687], [80.04456591079699, 12.828023878319076], [80.04456591604301, 12.82794568980238], [80.04441234397419, 12.827942582851993], [80.04440912468236, 12.82802389729819], [80.0443803279651, 12.82802390078406], [80.04437714507417, 12.827964478167637], [80.04433235473492, 12.827961356669322], [80.04431953564172, 12.828023908143031], [80.04428754008889, 12.828023912016123]]]}}, {"type": "Feature", "properties": {"id": "law school:predicted:0", "site": "law school", "source": "predicted", "class": "parcel_boundary", "area_sqm": 633.8}, "geometry": {"type": "Polygon", "coordinates": [[[80.04538299291711, 12.825528337779696], [80.04524893761823, 12.825503517323074], [80.04518826896627, 12.825447565566515], [80.04520418689258, 12.825391584985558], [80.04522333372172, 12.825394685195846], [80.04522011972519, 12.82536048419616], [80.04525838337128, 12.825326265539768], [80.0452264201179, 12.825242347286425], [80.04520092878141, 12.825288987907816], [80.04519770186343, 12.825233036742802], [80.04541783192167, 12.82523292591654], [80.04539885961046, 12.825425697013086], [80.04541487377222, 12.825490998916917], [80.04538299291711, 12.825528337779696]]]}}, {"type": "Feature", "properties": {"id": "law school:predicted:1", "site": "law school", "source": "predicted", "class": "parcel_boundary", "area_sqm": 1012.1}, "geometry": {"type": "Polygon", "coordinates": [[[80.04420555255682, 12.825513333395886], [80.0440811196982, 12.82553205044084], [80.04405555701598, 12.825594265008988], [80.04393432466442, 12.825588099484529], [80.04393460350403, 12.825233672659904], [80.04406854775402, 12.825233605224586], [80.04409722643506, 12.825273994307084], [80.04420567585247, 12.82525529178941], [80.04420555255682, 12.825513333395886]]]}}, {"type": "Feature", "properties": {"id": "law school:predicted:2", "site": "law school", "source": "predicted", "class": "parcel_boundary", "area_sqm": 173.9}, "geometry": {"type": "Polygon", "coordinates": [[[80.0456032983885, 12.825609117647963], [80.04556816407238, 12.825587356277035], [80.04556488233484, 12.825503369968994], [80.04553937959368, 12.825531375913611], [80.04554900673075, 12.82558114313526], [80.04551390690466, 12.825590491903935], [80.04549466078885, 12.825494071823542], [80.04551375257402, 12.825438081536255], [80.0456127061333, 12.825459804474672], [80.04561922277367, 12.825578000210308], [80.0456032983885, 12.825609117647963]]]}}, {"type": "Feature", "properties": {"id": "law school:predicted:3", "site": "law school", "source": "predicted", "class": "parcel_boundary", "area_sqm": 3084.4}, "geometry": {"type": "Polygon", "coordinates": [[[80.04622630310732, 12.825898291061998], [80.0461463366728, 12.825823608526889], [80.0459707259379, 12.825829908375276], [80.0459292767387, 12.82587039453989], [80.0458811838174, 12.825733459554849], [80.04584940104976, 12.825836185170285], [80.04584277338836, 12.825661903519833], [80.04577253084906, 12.82565260012886], [80.04575969763225, 12.825602824626696], [80.04579793569751, 12.825553031472877], [80.04577230720317, 12.8254815006168], [80.0458425101621, 12.825472136787152], [80.04585827168536, 12.825332189692714], [80.04633379369416, 12.825338175768051], [80.04635060757113, 12.825773717560201], [80.04626764431485, 12.825804880077342], [80.04622630310732, 12.825898291061998]]]}}, {"type": "Feature", "properties": {"id": "law school:predicted:4", "site": "law school", "source": "predicted", "class": "parcel_boundary", "area_sqm": 1110.1}, "geometry": {"type": "Polygon", "coordinates": [[[80.04402335366817, 12.82602994389113], [80.04398831337176, 12.825930339662346], [80.04406176642426, 12.825861834707576], [80.04398519200019, 12.825833857543621], [80.04397573541007, 12.825675177114352], [80.04410335579219, 12.825693786689014], [80.04413527544764, 12.825675106446479], [80.04417034297306, 12.825737314917681], [80.04425014461009, 12.825684388705891], [80.04428836410983, 12.825874189724475], [80.04427872880503, 12.826026729660452], [80.04402335366817, 12.82602994389113]]]}}, {"type": "Feature", "properties": {"id": "law school:predicted:5", "site": "law school", "source": "predicted", "class": "parcel_boundary", "area_sqm": 644.8}, "geometry": {"type": "Polygon", "coordinates": [[[80.04630676791187, 12.826225294915805], [80.04615021653335, 12.826219121020522], [80.04612459056926, 12.826178628537232], [80.04599352363044, 12.82611637529657], [80.0461402618905, 12.826004195166202], [80.04619454060636, 12.825994831131377], [80.04622635988181, 12.825929426590521], [80.04625526448797, 12.826016606432864], [80.04632564104875, 12.826072640008322], [80.04632590644158, 12.826209709129124], [80.04630676791187, 12.826225294915805]]]}}, {"type": "Feature", "properties": {"id": "law school:predicted:6", "site": "law school", "source": "predicted", "class": "parcel_boundary", "area_sqm": 1431.0}, "geometry": {"type": "Polygon", "coordinates": [[[80.04531987647859, 12.82642820370394], [80.0453517173915, 12.826300421566932], [80.04546350157231, 12.82628480207328], [80.04566483343754, 12.826359518745175], [80.04573826092002, 12.826318980408542], [80.04585010026487, 12.826337638740759], [80.04591412906659, 12.826428001846097], [80.04598442340742, 12.826427977968264], [80.04598769114757, 12.826474735822806], [80.04578005746069, 12.826521567632275], [80.0453423255831, 12.826534180835434], [80.04531987647859, 12.82642820370394]]]}}, {"type": "Feature", "properties": {"id": "law school:predicted:7", "site": "law school", "source": "predicted", "class": "parcel_boundary", "area_sqm": 9005.8}, "geometry": {"type": "Polygon", "coordinates": [[[80.04515380179615, 12.826499951038441], [80.04467461992125, 12.826515694608782], [80.04466818208623, 12.82551933835612], [80.04446076690468, 12.82563140898207], [80.04425660102962, 12.825507089956083], [80.04426309458943, 12.825233507278407], [80.0445629083847, 12.82523335633472], [80.04460437130692, 12.825345239026277], [80.04470963475232, 12.825233282464144], [80.0447256003773, 12.82537937886904], [80.04480532904057, 12.825233234286078], [80.04501586530935, 12.825233128289888], [80.0449649551546, 12.825568966856983], [80.04556510219851, 12.825708701760396], [80.0455652221675, 12.825820741413704], [80.04528428652951, 12.825830197796364], [80.04502578609468, 12.82600152476351], [80.04524959493776, 12.826428227577425], [80.04515380179615, 12.826499951038441]]]}}, {"type": "Feature", "properties": {"id": "law school:predicted:8", "site": "law school", "source": "predicted", "class": "parcel_boundary", "area_sqm": 4621.6}, "geometry": {"type": "Polygon", "coordinates": [[[80.04629831715539, 12.82682081806682], [80.04615037342252, 12.82630948517822], [80.04641232375613, 12.826287577410838], [80.04644262433338, 12.825490517830302], [80.04656739843865, 12.825614905092234], [80.0466914576581, 12.825418859847392], [80.04679039352624, 12.825409481798566], [80.04679262880872, 12.826315489841312], [80.04665815947247, 12.826203354707083], [80.04652728143401, 12.826256373916817], [80.04642218315944, 12.826421594744641], [80.04642291028068, 12.826777103609306], [80.04629831715539, 12.82682081806682]]]}}, {"type": "Feature", "properties": {"id": "law school:predicted:9", "site": "law school", "source": "predicted", "class": "parcel_boundary", "area_sqm": 314.8}, "geometry": {"type": "Polygon", "coordinates": [[[80.04609054332369, 12.826833357356671], [80.04603621824833, 12.826845852952022], [80.04596587996805, 12.826839632753611], [80.04594631523395, 12.826583872595839], [80.04598145434078, 12.826574506904803], [80.04601663747572, 12.82659320495999], [80.04604882352119, 12.826733540514438], [80.04606484130038, 12.826755371382358], [80.04610001855104, 12.826764719519087], [80.04611285230963, 12.826792792520074], [80.04609054332369, 12.826833357356671]]]}}, {"type": "Feature", "properties": {"id": "law school:predicted:10", "site": "law school", "source": "predicted", "class": "parcel_boundary", "area_sqm": 2232.9}, "geometry": {"type": "Polygon", "coordinates": [[[80.04536514000897, 12.827067603910264], [80.0453615664929, 12.826618357379669], [80.0456107966944, 12.826602688057948], [80.0456843323394, 12.826633848018616], [80.04588242287163, 12.826599484007584], [80.045879511981, 12.826799099443432], [80.04581568002192, 12.826870875865893], [80.0456909582656, 12.826827231242211], [80.04566244462198, 12.827042557701864], [80.04536514000897, 12.827067603910264]]]}}, {"type": "Feature", "properties": {"id": "law school:predicted:11", "site": "law school", "source": "predicted", "class": "parcel_boundary", "area_sqm": 725.5}, "geometry": {"type": "Polygon", "coordinates": [[[80.04626358142767, 12.827051768947339], [80.04624131780915, 12.827117333803162], [80.04614220395278, 12.827129846512891], [80.04597901282037, 12.827064327550573], [80.04589907979762, 12.82706746932055], [80.04580631217331, 12.827036278226796], [80.04583820762743, 12.82698008932852], [80.0462025896372, 12.82692069606874], [80.0462346075915, 12.8269456536671], [80.04626358142767, 12.827051768947339]]]}}, {"type": "Feature", "properties": {"id": "law school:predicted:12", "site": "law school", "source": "predicted", "class": "parcel_boundary", "area_sqm": 1645.9}, "geometry": {"type": "Polygon", "coordinates": [[[80.04632137006209, 12.827170393643508], [80.04627648380809, 12.827111080995428], [80.04634032192409, 12.827048627774257], [80.0462952862118, 12.82690818811124], [80.04660848901402, 12.826845691326708], [80.04670124119737, 12.826858146781866], [80.04674995707812, 12.827170291659781], [80.04652297822334, 12.827223433014188], [80.04632137006209, 12.827170393643508]]]}}, {"type": "Feature", "properties": {"id": "law school:predicted:13", "site": "law school", "source": "predicted", "class": "parcel_boundary", "area_sqm": 7799.7}, "geometry": {"type": "Polygon", "coordinates": [[[80.0443996666436, 12.827473758967049], [80.04430377292195, 12.827380073848868], [80.04406718071976, 12.827389492557328], [80.04402960694974, 12.826223016814572], [80.04432654870159, 12.826216677763435], [80.04435851575394, 12.826095201672688], [80.04458838788105, 12.826138713167602], [80.04464267821018, 12.826621700725946], [80.04518587091904, 12.826690134751011], [80.04508686971215, 12.826799328390187], [80.0446554642868, 12.826824407000608], [80.04459155037932, 12.826939854927858], [80.04431671830879, 12.826933689040802], [80.04430060219588, 12.827308248361799], [80.04440289740414, 12.827342576601406], [80.0443996666436, 12.827473758967049]]]}}, {"type": "Feature", "properties": {"id": "law school:predicted:14", "site": "law school", "source": "predicted", "class": "parcel_boundary", "area_sqm": 2055.0}, "geometry": {"type": "Polygon", "coordinates": [[[80.04448920069608, 12.827479989177734], [80.04449882887037, 12.827236388552466], [80.0446171145922, 12.827255095347589], [80.04467465904543, 12.827208248749224], [80.04473220931712, 12.827251946872133], [80.04494962147004, 12.827255020067467], [80.04499435678629, 12.827189441465089], [80.04520537333917, 12.827189391794636], [80.04528219365146, 12.827301787230343], [80.04522465519679, 12.827333030718574], [80.04522790657009, 12.827411116831769], [80.04519274132639, 12.827432990727791], [80.04448920069608, 12.827479989177734]]]}}, {"type": "Feature", "properties": {"id": "law school:predicted:15", "site": "law school", "source": "predicted", "class": "parcel_boundary", "area_sqm": 289.0}, "geometry": {"type": "Polygon", "coordinates": [[[80.04400626829056, 12.827630047510274], [80.04393274768347, 12.82759256499408], [80.04393293936502, 12.827348922829431], [80.04396171517928, 12.827342671199629], [80.04399047504432, 12.827358278971614], [80.04403833455903, 12.827498820132323], [80.04404147810673, 12.827580047466155], [80.04400626829056, 12.827630047510274]]]}}, {"type": "Feature", "properties": {"id": "law school:predicted:16", "site": "law school", "source": "predicted", "class": "parcel_boundary", "area_sqm": 744.6}, "geometry": {"type": "Polygon", "coordinates": [[[80.04626469324222, 12.827648407091829], [80.04624544777413, 12.827623404143974], [80.04624178849873, 12.827373420373592], [80.04632484591583, 12.827314051813845], [80.04638562263635, 12.827314038548025], [80.04647859969735, 12.827413984731134], [80.04645964536014, 12.827529602869891], [80.04640220993167, 12.827607748040018], [80.04633827976413, 12.827642142621276], [80.04626469324222, 12.827648407091829]]]}}, {"type": "Feature", "properties": {"id": "law school:predicted:17", "site": "law school", "source": "predicted", "class": "parcel_boundary", "area_sqm": 4857.0}, "geometry": {"type": "Polygon", "coordinates": [[[80.04537536232763, 12.82780798982551], [80.04538125395281, 12.827217451462063], [80.04554432709888, 12.827211168728404], [80.04557025437619, 12.827532895480978], [80.04558599624424, 12.827301720398896], [80.04614238711822, 12.827236012228699], [80.04619085683925, 12.827514028851288], [80.04610134409374, 12.827554670939966], [80.04609532649751, 12.82778286657137], [80.04590653932523, 12.827798529340955], [80.04585200652517, 12.827704744529198], [80.04578814837069, 12.827807927652026], [80.04537536232763, 12.82780798982551]]]}}, {"type": "Feature", "properties": {"id": "law school:predicted:18", "site": "law school", "source": "predicted", "class": "parcel_boundary", "area_sqm": 2475.7}, "geometry": {"type": "Polygon", "coordinates": [[[80.04451153943675, 12.827833130740963], [80.04450837601446, 12.827564339621773], [80.04475783216016, 12.827554919907667], [80.04489858407068, 12.827639266911026], [80.04492733148913, 12.827520518780362], [80.04517359121542, 12.827495476670949], [80.0452471794112, 12.827529831706356], [80.04521846390308, 12.827636085977446], [80.04525378651135, 12.827823641315051], [80.04451153943675, 12.827833130740963]]]}}, {"type": "Feature", "properties": {"id": "law school:predicted:19", "site": "law school", "source": "predicted", "class": "parcel_boundary", "area_sqm": 894.2}, "geometry": {"type": "Polygon", "coordinates": [[[80.04431639747048, 12.827848791522587], [80.04422683701418, 12.827830046340136], [80.04415330259862, 12.82776128476088], [80.04415975572317, 12.827655020121293], [80.0442429476699, 12.827561264063402], [80.04418223203518, 12.827476925437454], [80.04425897449883, 12.82747066283732], [80.04428451231952, 12.827580003261723], [80.04432611211566, 12.82750188858222], [80.04442523863281, 12.827514365867387], [80.04443158069277, 12.827758115175106], [80.0443420060888, 12.827795640888738], [80.04431639747048, 12.827848791522587]]]}}, {"type": "Feature", "properties": {"id": "law school:predicted:20", "site": "law school", "source": "predicted", "class": "parcel_boundary", "area_sqm": 56.4}, "geometry": {"type": "Polygon", "coordinates": [[[80.04675842233598, 12.82802361291341], [80.04677122156414, 12.828020482611452], [80.04675838442343, 12.828007969404853], [80.0467551373483, 12.82798919833112], [80.04676464324423, 12.827948528301661], [80.04676132791981, 12.827901607848647], [80.04677407191407, 12.827876583620158], [80.04679329450087, 12.827882836407394], [80.04679647257942, 12.827873452738642], [80.04679682760134, 12.8280173507595], [80.04679356422312, 12.827992322038186], [80.04677762498638, 12.828020481833567], [80.04679043956101, 12.828023609037693], [80.04675842233598, 12.82802361291341]]]}}, {"type": "Feature", "properties": {"id": "law school:predicted:21", "site": "law school", "source": "predicted", "class": "parcel_boundary", "area_sqm": 978.7}, "geometry": {"type": "Polygon", "coordinates": [[[80.04534665221449, 12.827914312064829], [80.04592906085577, 12.827879830299208], [80.0459835559368, 12.827936119494838], [80.04599649526214, 12.828023705145428], [80.04534034103628, 12.828023784573539], [80.04534665221449, 12.827914312064829]]]}}, {"type": "Feature", "properties": {"id": "law school:predicted:22", "site": "law school", "source": "predicted", "class": "parcel_boundary", "area_sqm": 414.8}, "geometry": {"type": "Polygon", "coordinates": [[[80.04501065462719, 12.82790184903051], [80.04517702879495, 12.827876809111771], [80.04526664672804, 12.827908068312246], [80.04528586309097, 12.827929957358858], [80.04528911036262, 12.827992510602098], [80.04531473740951, 12.828023787672883], [80.04502030861363, 12.828023823313776], [80.04504906818768, 12.827936243829745], [80.04502986889364, 12.827936246384239], [80.04501065462719, 12.82790184903051]]]}}, {"type": "Feature", "properties": {"id": "law school:predicted:23", "site": "law school", "source": "predicted", "class": "parcel_boundary", "area_sqm": 859.6}, "geometry": {"type": "Polygon", "coordinates": [[[80.04428117521421, 12.827936345998983], [80.044492333913, 12.827908174322001], [80.0447674876532, 12.827930026773728], [80.04494986022517, 12.827901857405863], [80.0449691060307, 12.8280238295119], [80.044281141012, 12.828023912790737], [80.04428117521421, 12.827936345998983]]]}}, {"type": "Feature", "properties": {"id": "main eee block entrance area:ground_truth:0", "site": "main eee block entrance area", "source": "ground_truth", "class": "parcel_boundary", "area_sqm": 102.4}, "geometry": {"type": "Polygon", "coordinates": [[[80.03676959758023, 12.819653502430434], [80.03694359347344, 12.819653320977428], [80.03694360299569, 12.81966129534596], [80.0369083055617, 12.8196985456139], [80.03689470603186, 12.819693243706245], [80.0368349479084, 12.819735835432823], [80.03679685068845, 12.819706636739088], [80.03676959758023, 12.819653502430434]]]}}, {"type": "Feature", "properties": {"id": "main eee block entrance area:ground_truth:1", "site": "main eee block entrance area", "source": "ground_truth", "class": "parcel_boundary", "area_sqm": 1112.5}, "geometry": {"type": "Polygon", "coordinates": [[[80.03766671394631, 12.819679145728596], [80.03834889596538, 12.81965451313903], [80.03833807080942, 12.819712992688155], [80.03777021201145, 12.819899623296836], [80.03766671394631, 12.819679145728596]]]}}, {"type": "Feature", "properties": {"id": "main eee block entrance area:ground_truth:2", "site": "main eee block entrance area", "source": "ground_truth", "class": "parcel_boundary", "area_sqm": 2393.6}, "geometry": {"type": "Polygon", "coordinates": [[[80.03708819877976, 12.820104984881555], [80.03693282714404, 12.81974370641484], [80.0371311748465, 12.819653125356696], [80.0372454506501, 12.819743377081652], [80.0372371954525, 12.81965301479226], [80.03759329932633, 12.819655301354409], [80.03754991563288, 12.819761660855036], [80.03766423585304, 12.819923654404082], [80.0376043607627, 12.81984399181412], [80.03760446434723, 12.819947635985908], [80.03751198132467, 12.819878639396604], [80.03745221073807, 12.819905279305113], [80.0374794715558, 12.819982317851151], [80.03738708596693, 12.820008992338245], [80.03730539012734, 12.819868229615224], [80.03733002062532, 12.820022341450848], [80.03726753041515, 12.820046326233257], [80.03720215863048, 12.819924150967017], [80.03723221253745, 12.820062309177258], [80.03718603112269, 12.820086276128219], [80.0371642050137, 12.820014549078351], [80.03716701017461, 12.820091611690641], [80.03708819877976, 12.820104984881555]]]}}, {"type": "Feature", "properties": {"id": "main eee block entrance area:ground_truth:3", "site": "main eee block entrance area", "source": "ground_truth", "class": "parcel_boundary", "area_sqm": 986.6}, "geometry": {"type": "Polygon", "coordinates": [[[80.04087022464786, 12.820140683054104], [80.04084306470506, 12.820084932918267], [80.04078060074217, 12.820082344993414], [80.0406638017064, 12.819915117868403], [80.04060947950339, 12.819907206469303], [80.0405578539853, 12.819755828745734], [80.04047908464713, 12.819771852984866], [80.04037584244338, 12.819649741629197], [80.0407235330541, 12.81964937903727], [80.04076699471136, 12.819683873597993], [80.04079416369572, 12.819808713859322], [80.04073440855225, 12.819787523544846], [80.04082676316038, 12.819949477080941], [80.04075886804958, 12.819997366128435], [80.04079417849921, 12.820058423683431], [80.0408512107353, 12.820053048913946], [80.04087022464786, 12.820140683054104]]]}}, {"type": "Feature", "properties": {"id": "main eee block entrance area:ground_truth:4", "site": "main eee block entrance area", "source": "ground_truth", "class": "parcel_boundary", "area_sqm": 97.7}, "geometry": {"type": "Polygon", "coordinates": [[[80.03752878942977, 12.820367548707399], [80.03750154135034, 12.820298500180318], [80.03750152219615, 12.820279901468078], [80.03755585305876, 12.8202559280101], [80.03757487731656, 12.820255906825379], [80.03758576430498, 12.820271836553458], [80.03759943003917, 12.82034887135753], [80.03757498446812, 12.82036218302105], [80.03752878942977, 12.820367548707399]]]}}, {"type": "Feature", "properties": {"id": "main eee block entrance area:ground_truth:5", "site": "main eee block entrance area", "source": "ground_truth", "class": "parcel_boundary", "area_sqm": 579.5}, "geometry": {"type": "Polygon", "coordinates": [[[80.03728419366921, 12.820370481184334], [80.03720514110746, 12.820160660028995], [80.03729775677814, 12.820346553644121], [80.03741729843561, 12.820306565312064], [80.03740092119607, 12.820240158190002], [80.03732209940026, 12.820237588718934], [80.03729479257655, 12.820120702311701], [80.03762085144702, 12.820027340240593], [80.03763455937214, 12.820146900995372], [80.0374334880708, 12.820194951362618], [80.03744177252626, 12.820319822629385], [80.03728419366921, 12.820370481184334]]]}}, {"type": "Feature", "properties": {"id": "main eee block entrance area:ground_truth:6", "site": "main eee block entrance area", "source": "ground_truth", "class": "parcel_boundary", "area_sqm": 4053.3}, "geometry": {"type": "Polygon", "coordinates": [[[80.03999846020317, 12.82039929472048], [80.03982176773269, 12.819985098125542], [80.0398516279489, 12.819921303762701], [80.03977276271794, 12.819687571662145], [80.04021828580207, 12.819649905938398], [80.04049001385111, 12.820202194302482], [80.03999846020317, 12.82039929472048]]]}}, {"type": "Feature", "properties": {"id": "main eee block entrance area:ground_truth:7", "site": "main eee block entrance area", "source": "ground_truth", "class": "parcel_boundary", "area_sqm": 295.7}, "geometry": {"type": "Polygon", "coordinates": [[[80.0376729101713, 12.820455058003258], [80.03764561942954, 12.820338192092068], [80.03822425826124, 12.820119682055404], [80.0382215799219, 12.820167510355231], [80.0381264742408, 12.820172929188947], [80.03815101595382, 12.820273862838217], [80.03807758939347, 12.82020752332758], [80.03803415614402, 12.820260709077004], [80.0379906555731, 12.82023684569651], [80.03766738129703, 12.82035942218237], [80.03769190950689, 12.820431126449991], [80.03779517690607, 12.820433665978602], [80.0376729101713, 12.820455058003258]]]}}, {"type": "Feature", "properties": {"id": "main eee block entrance area:ground_truth:8", "site": "main eee block entrance area", "source": "ground_truth", "class": "parcel_boundary", "area_sqm": 383.2}, "geometry": {"type": "Polygon", "coordinates": [[[80.04092726019562, 12.820414178769992], [80.04066114243555, 12.820491495928769], [80.04053890385848, 12.820228701412303], [80.0406258052245, 12.820175482485713], [80.04060950397209, 12.820122376325866], [80.04051716069647, 12.820114508892257], [80.04046825252962, 12.819984398559551], [80.0405361516733, 12.819960416516027], [80.04049269908488, 12.819994998082562], [80.04053073658096, 12.820085274587438], [80.04064208654606, 12.820042651477651], [80.04081591296627, 12.820204489380169], [80.04073172113513, 12.820156772496077], [80.04056606354189, 12.820236639516718], [80.04066928663904, 12.820464929891605], [80.04092726019562, 12.820414178769992]]]}}, {"type": "Feature", "properties": {"id": "main eee block entrance area:ground_truth:9", "site": "main eee block entrance area", "source": "ground_truth", "class": "parcel_boundary", "area_sqm": 1680.2}, "geometry": {"type": "Polygon", "coordinates": [[[80.04014521874497, 12.820768267320048], [80.04002292164067, 12.820457698055796], [80.04041398446866, 12.820303210580121], [80.04051994925317, 12.820632403357683], [80.04014521874497, 12.820768267320048]]]}}, {"type": "Feature", "properties": {"id": "main eee block entrance area:ground_truth:10", "site": "main eee block entrance area", "source": "ground_truth", "class": "parcel_boundary", "area_sqm": 1380.9}, "geometry": {"type": "Polygon", "coordinates": [[[80.0395504467864, 12.820784898904973], [80.0394906706373, 12.820734512748025], [80.03927576708972, 12.820097274313174], [80.03939799198551, 12.820036035971857], [80.03967264501345, 12.820726333077772], [80.0395504467864, 12.820784898904973]]]}}, {"type": "Feature", "properties": {"id": "main eee block entrance area:ground_truth:11", "site": "main eee block entrance area", "source": "ground_truth", "class": "parcel_boundary", "area_sqm": 9564.8}, "geometry": {"type": "Polygon", "coordinates": [[[80.0377566884151, 12.819968731178228], [80.03872120732986, 12.81965146717863], [80.03959615184996, 12.819650554735755], [80.03966145820037, 12.819905566882627], [80.0392132526203, 12.820044207420203], [80.03937652660473, 12.820599201335709], [80.03923801537866, 12.820644511435969], [80.03897968542482, 12.820195897295847], [80.03884118721878, 12.820299658252404], [80.03894191723082, 12.820639542797318], [80.03852636873614, 12.820786103055472], [80.03892831495902, 12.82060768666009], [80.03870801036352, 12.820230735097088], [80.0389362019527, 12.820174692017025], [80.03836015079118, 12.820148759183082], [80.03881381482627, 12.819983531811323], [80.03806934991934, 12.820106566796794], [80.0377566884151, 12.819968731178228]]]}}, {"type": "Feature", "properties": {"id": "main eee block entrance area:ground_truth:12", "site": "main eee block entrance area", "source": "ground_truth", "class": "parcel_boundary", "area_sqm": 284.2}, "geometry": {"type": "Polygon", "coordinates": [[[80.03834711371324, 12.82085271050218], [80.03830907239026, 12.820844788029781], [80.03816747290792, 12.820457152217974], [80.03817288300365, 12.820427924437567], [80.03827066787285, 12.820385308971348], [80.03829242868082, 12.82041450635769], [80.0382163932137, 12.820470378908333], [80.03832533137856, 12.820791651285889], [80.03836338135707, 12.820810197757929], [80.03846388584942, 12.820788832405672], [80.03834711371324, 12.82085271050218]]]}}, {"type": "Feature", "properties": {"id": "main eee block entrance area:ground_truth:13", "site": "main eee block entrance area", "source": "ground_truth", "class": "parcel_boundary", "area_sqm": 950.4}, "geometry": {"type": "Polygon", "coordinates": [[[80.03795589213861, 12.820866453191963], [80.03781697628544, 12.820497399339096], [80.03786862610863, 12.820518592395826], [80.03793378680312, 12.820457417972927], [80.03798815945564, 12.82048657789603], [80.03802343296601, 12.82042809388479], [80.03813780283434, 12.82071750295667], [80.03810522793367, 12.820752069973812], [80.03811070938252, 12.820807839610255], [80.03795589213861, 12.820866453191963]]]}}, {"type": "Feature", "properties": {"id": "main eee block entrance area:ground_truth:14", "site": "main eee block entrance area", "source": "ground_truth", "class": "parcel_boundary", "area_sqm": 115.1}, "geometry": {"type": "Polygon", "coordinates": [[[80.03926533207908, 12.820944564649396], [80.03924632196794, 12.82094989812792], [80.03921911058951, 12.820854333929201], [80.03919193703754, 12.820833121585949], [80.03902898655292, 12.820881114800079], [80.03899370406238, 12.820931611721273], [80.03897195460618, 12.820899771420292], [80.03899095167023, 12.82087053764105], [80.03921365164936, 12.8208038843633], [80.03923267371341, 12.82081979556439], [80.03926533207908, 12.820944564649396]]]}}, {"type": "Feature", "properties": {"id": "main eee block entrance area:ground_truth:15", "site": "main eee block entrance area", "source": "ground_truth", "class": "parcel_boundary", "area_sqm": 2442.6}, "geometry": {"type": "Polygon", "coordinates": [[[80.03940663489854, 12.821087778136626], [80.03927880378474, 12.820729449192129], [80.03940101960801, 12.820697437849244], [80.03947443568437, 12.820872619758099], [80.03986005320569, 12.820744702672735], [80.039748689279, 12.820715621853752], [80.03950395241009, 12.820054517702431], [80.03962073772776, 12.819980002105051], [80.03993884654616, 12.820850826492826], [80.03959397156564, 12.820949482638024], [80.03940663489854, 12.821087778136626]]]}}, {"type": "Feature", "properties": {"id": "main eee block entrance area:ground_truth:16", "site": "main eee block entrance area", "source": "ground_truth", "class": "parcel_boundary", "area_sqm": 249.6}, "geometry": {"type": "Polygon", "coordinates": [[[80.03879019430894, 12.821266421086683], [80.03868406731407, 12.820979780967335], [80.03890132758609, 12.820897199842111], [80.03898831231481, 12.82100065950312], [80.03896660610668, 12.821040515944489], [80.03888776213799, 12.820923771521521], [80.0387221082331, 12.820995668289683], [80.03880918685438, 12.821234537113922], [80.03900472041398, 12.821189161113473], [80.03879019430894, 12.821266421086683]]]}}, {"type": "Feature", "properties": {"id": "main eee block entrance area:ground_truth:17", "site": "main eee block entrance area", "source": "ground_truth", "class": "parcel_boundary", "area_sqm": 156.5}, "geometry": {"type": "Polygon", "coordinates": [[[80.03849691906217, 12.821375638873363], [80.0385104789441, 12.821346417343642], [80.03868155736646, 12.821282485246192], [80.03868967532527, 12.821237339034948], [80.03865433829674, 12.82120021041701], [80.03851584355318, 12.82125348351488], [80.03846698269433, 12.821298680591902], [80.03845336713736, 12.821253560399883], [80.03868148309917, 12.821173625310555], [80.03872230932546, 12.821295710027925], [80.03849691906217, 12.821375638873363]]]}}, {"type": "Feature", "properties": {"id": "main eee block entrance area:ground_truth:18", "site": "main eee block entrance area", "source": "ground_truth", "class": "parcel_boundary", "area_sqm": 493.0}, "geometry": {"type": "Polygon", "coordinates": [[[80.03831502436229, 12.821500646014382], [80.03824162607027, 12.82142905644408], [80.03823066746833, 12.82131490349947], [80.03815719970476, 12.821168954860724], [80.03826308113169, 12.821086507880569], [80.03833100704416, 12.821099702839664], [80.03834192739131, 12.821168729370198], [80.03840443945887, 12.821211137369716], [80.03836101933219, 12.821266949907768], [80.03836649953232, 12.821328010744825], [80.03832300791612, 12.821290893141695], [80.03832295979659, 12.82122982396153], [80.03824148378263, 12.821253821148712], [80.03829052910584, 12.82143961494716], [80.03833400700265, 12.821460799565012], [80.0383828591474, 12.82140764039086], [80.03840731800005, 12.821423539339433], [80.03839919760826, 12.821460717757342], [80.03831502436229, 12.821500646014382]]]}}, {"type": "Feature", "properties": {"id": "main eee block entrance area:ground_truth:19", "site": "main eee block entrance area", "source": "ground_truth", "class": "parcel_boundary", "area_sqm": 404.5}, "geometry": {"type": "Polygon", "coordinates": [[[80.03718502310699, 12.821608272497084], [80.03713882329643, 12.821597711188668], [80.03711168412897, 12.82162429582428], [80.0370844809144, 12.821595125199238], [80.03702198979165, 12.821595204591658], [80.03688859946469, 12.821385607467413], [80.03692665074686, 12.82139352631848], [80.03694836015345, 12.821369600425017], [80.03698371256415, 12.821393455173338], [80.03701899568964, 12.821358890833316], [80.03718502310699, 12.821608272497084]]]}}, {"type": "Feature", "properties": {"id": "main eee block entrance area:ground_truth:20", "site": "main eee block entrance area", "source": "ground_truth", "class": "parcel_boundary", "area_sqm": 2174.2}, "geometry": {"type": "Polygon", "coordinates": [[[80.03775853403607, 12.82190220214798], [80.03714364804507, 12.82106130508666], [80.0370376505017, 12.821045497657126], [80.0371520017996, 12.821239228462002], [80.03687739500776, 12.821109433086987], [80.03689386381185, 12.821244856971445], [80.03686643443886, 12.821035080210514], [80.036749793299, 12.821207853867651], [80.03672771231078, 12.82093697115279], [80.03684467104702, 12.821016514329797], [80.03672736805362, 12.820663361910261], [80.03684152407676, 12.82066588593259], [80.03672699030955, 12.820363137879612], [80.03775853403607, 12.82190220214798]]]}}, {"type": "Feature", "properties": {"id": "main eee block entrance area:ground_truth:21", "site": "main eee block entrance area", "source": "ground_truth", "class": "parcel_boundary", "area_sqm": 1498.2}, "geometry": {"type": "Polygon", "coordinates": [[[80.0378078739533, 12.82237719820832], [80.0373481545649, 12.821719569031952], [80.0374160019103, 12.821653111800476], [80.03729083339721, 12.821472729377039], [80.03725563585166, 12.821584287740897], [80.03711682954237, 12.821372046237174], [80.03724733260186, 12.82144623192572], [80.03720370005972, 12.821302897372735], [80.03791372994189, 12.82230805991907], [80.0378078739533, 12.82237719820832]]]}}, {"type": "Feature", "properties": {"id": "main eee block entrance area:ground_truth:22", "site": "main eee block entrance area", "source": "ground_truth", "class": "parcel_boundary", "area_sqm": 1027.0}, "geometry": {"type": "Polygon", "coordinates": [[[80.03773455939663, 12.822393219728475], [80.03765038039197, 12.822409256213271], [80.03739738757493, 12.822032737992142], [80.03732675105452, 12.822024868478707], [80.03716893430983, 12.821796787569742], [80.03715520913993, 12.821672029353936], [80.03722310989471, 12.821653358182404], [80.03773455939663, 12.822393219728475]]]}}, {"type": "Feature", "properties": {"id": "main eee block entrance area:predicted:0", "site": "main eee block entrance area", "source": "predicted", "class": "parcel_boundary", "area_sqm": 697.3}, "geometry": {"type": "Polygon", "coordinates": [[[80.03718339958, 12.82016334125654], [80.03721866925262, 12.820104841910478], [80.037520366939, 12.820104511306612], [80.03753676370648, 12.820192179997624], [80.03752320721574, 12.820224079977367], [80.03744714138666, 12.820256049067469], [80.03744175861065, 12.820306537929373], [80.03730047173273, 12.8203438936549], [80.03723781064451, 12.820208453767131], [80.03719702262829, 12.820192555781617], [80.03718339958, 12.82016334125654]]]}}, {"type": "Feature", "properties": {"id": "main eee block entrance area:predicted:1", "site": "main eee block entrance area", "source": "predicted", "class": "parcel_boundary", "area_sqm": 104.5}, "geometry": {"type": "Polygon", "coordinates": [[[80.037545076594, 12.820348932475978], [80.03753419497917, 12.820338317245968], [80.03752329151456, 12.820306446654866], [80.03752323440935, 12.820250650310337], [80.03755040405072, 12.820242649032256], [80.03760204405016, 12.82024524860961], [80.03761565388527, 12.820266489298437], [80.03761567770734, 12.820290401759264], [80.03760753523838, 12.820301038533536], [80.03761572005686, 12.820332911968391], [80.03756682074028, 12.820351564871423], [80.037545076594, 12.820348932475978]]]}}, {"type": "Feature", "properties": {"id": "main eee block entrance area:predicted:2", "site": "main eee block entrance area", "source": "predicted", "class": "parcel_boundary", "area_sqm": 906.8}, "geometry": {"type": "Polygon", "coordinates": [[[80.03997401137646, 12.820386042236422], [80.03986798730922, 12.820101938756657], [80.0402020921046, 12.8201015726407], [80.04020214489289, 12.820327352407086], [80.04002561792268, 12.820388639983577], [80.03997401137646, 12.820386042236422]]]}}, {"type": "Feature", "properties": {"id": "main eee block entrance area:predicted:3", "site": "main eee block entrance area", "source": "predicted", "class": "parcel_boundary", "area_sqm": 426.1}, "geometry": {"type": "Polygon", "coordinates": [[[80.03765649256667, 12.820340836713822], [80.03769721283622, 12.820295624424155], [80.03810744293446, 12.820162322347619], [80.03813462213103, 12.820167606294582], [80.03816458722986, 12.820255250145847], [80.03811570587294, 12.820292499688247], [80.03793908029937, 12.82030066758176], [80.03791459157266, 12.820266156039906], [80.03782220731337, 12.82027954346597], [80.0377271451118, 12.820335443704181], [80.03771361114148, 12.820391251269522], [80.03765649256667, 12.820340836713822]]]}}, {"type": "Feature", "properties": {"id": "main eee block entrance area:predicted:4", "site": "main eee block entrance area", "source": "predicted", "class": "parcel_boundary", "area_sqm": 1215.0}, "geometry": {"type": "Polygon", "coordinates": [[[80.03934122853248, 12.820628456724002], [80.03923257986898, 12.820639206002179], [80.03911012843717, 12.820256853736431], [80.03898240547342, 12.820201207565786], [80.0389307923165, 12.820214547927048], [80.0388138917028, 12.820103093846994], [80.03915894652347, 12.820102715731872], [80.03917530321901, 12.820206307106805], [80.03924322588965, 12.820214201471877], [80.03934385434141, 12.820442533728594], [80.0393656600313, 12.820596557981355], [80.03934122853248, 12.820628456724002]]]}}, {"type": "Feature", "properties": {"id": "main eee block entrance area:predicted:5", "site": "main eee block entrance area", "source": "predicted", "class": "parcel_boundary", "area_sqm": 1088.9}, "geometry": {"type": "Polygon", "coordinates": [[[80.03987090357201, 12.820704856895347], [80.0397486941588, 12.82072889974901], [80.03952570647468, 12.820102313832013], [80.03968326773132, 12.820102141174539], [80.03969961249541, 12.820221664545008], [80.03966158875242, 12.820237645016924], [80.03972950784575, 12.820261476448717], [80.0398491285903, 12.82056413093133], [80.03987090357201, 12.820704856895347]]]}}, {"type": "Feature", "properties": {"id": "main eee block entrance area:predicted:6", "site": "main eee block entrance area", "source": "predicted", "class": "parcel_boundary", "area_sqm": 531.9}, "geometry": {"type": "Polygon", "coordinates": [[[80.0401750925729, 12.82077354299011], [80.04012892115078, 12.820755009455672], [80.0400256384209, 12.820460350870935], [80.04020215917558, 12.82038844058983], [80.04020224796507, 12.820768200369418], [80.0401750925729, 12.82077354299011]]]}}, {"type": "Feature", "properties": {"id": "main eee block entrance area:predicted:7", "site": "main eee block entrance area", "source": "predicted", "class": "parcel_boundary", "area_sqm": 1427.6}, "geometry": {"type": "Polygon", "coordinates": [[[80.03971067831918, 12.820750188720984], [80.03953414695557, 12.82077695140437], [80.03931657128348, 12.82020349406207], [80.0393083710515, 12.82010255199072], [80.03948495692643, 12.820102358485846], [80.03949587752102, 12.820224547096188], [80.03971067831918, 12.820750188720984]]]}}, {"type": "Feature", "properties": {"id": "main eee block entrance area:predicted:8", "site": "main eee block entrance area", "source": "predicted", "class": "parcel_boundary", "area_sqm": 938.8}, "geometry": {"type": "Polygon", "coordinates": [[[80.03796674594854, 12.82085050477829], [80.03790694693046, 12.820824015770333], [80.03790951903093, 12.820664645438198], [80.03786043968965, 12.820481410491409], [80.0380017271631, 12.8204653103165], [80.03803430455503, 12.8204307381341], [80.03814868425984, 12.82073342670748], [80.03809436896832, 12.82076270687132], [80.03815687747107, 12.820783881537418], [80.03809713817057, 12.82082379130718], [80.03796674594854, 12.82085050477829]]]}}, {"type": "Feature", "properties": {"id": "main eee block entrance area:predicted:9", "site": "main eee block entrance area", "source": "predicted", "class": "parcel_boundary", "area_sqm": 115.2}, "geometry": {"type": "Polygon", "coordinates": [[[80.03897468201754, 12.820918356887809], [80.03897195302207, 12.820897115874551], [80.03899095167023, 12.82087053764105], [80.03917291324814, 12.820814554851195], [80.03920008156732, 12.820825145209575], [80.0391946603368, 12.82084639621729], [80.03915935914543, 12.820865026869152], [80.03902356317803, 12.820897054514521], [80.03899642349035, 12.820936919444874], [80.03897468201754, 12.820918356887809]]]}}, {"type": "Feature", "properties": {"id": "main eee block entrance area:predicted:10", "site": "main eee block entrance area", "source": "predicted", "class": "parcel_boundary", "area_sqm": 1352.0}, "geometry": {"type": "Polygon", "coordinates": [[[80.03927337661597, 12.820740078375984], [80.03939830338051, 12.820697441015183], [80.03948258497955, 12.820875265518195], [80.0398817855491, 12.82076061016617], [80.03995513782283, 12.820840185919673], [80.03986011452687, 12.820927922906307], [80.03959397485674, 12.820957448434172], [80.0394555161866, 12.821077098492605], [80.03939033940414, 12.821087797875792], [80.03927337661597, 12.820740078375984]]]}}, {"type": "Feature", "properties": {"id": "main eee block entrance area:predicted:11", "site": "main eee block entrance area", "source": "predicted", "class": "parcel_boundary", "area_sqm": 261.5}, "geometry": {"type": "Polygon", "coordinates": [[[80.03878747814741, 12.821266424433485], [80.03869764598396, 12.820974453671667], [80.03892306510367, 12.820907796224505], [80.03894483769206, 12.82097681298597], [80.03889320640057, 12.820942353658483], [80.03882802697035, 12.82096367555381], [80.03882535476188, 12.821032720123284], [80.0387954768005, 12.8210354115105], [80.03879273459127, 12.820995583507555], [80.03874927938924, 12.821006257500144], [80.0388118978997, 12.821226568549942], [80.03889338248345, 12.821226468526639], [80.03878747814741, 12.821266424433485]]]}}, {"type": "Feature", "properties": {"id": "main eee block entrance area:predicted:12", "site": "main eee block entrance area", "source": "predicted", "class": "parcel_boundary", "area_sqm": 67.2}, "geometry": {"type": "Polygon", "coordinates": [[[80.03845609743769, 12.821272143011061], [80.03846695102415, 12.821256198831046], [80.03854298004858, 12.82121627794537], [80.03855383400034, 12.82120033347442], [80.0385565312709, 12.821173777912598], [80.03858099944735, 12.821202955408513], [80.03860817402307, 12.821218853162208], [80.03860275262842, 12.821234790707164], [80.03854029059723, 12.821253453429751], [80.03851586296427, 12.82128003463], [80.03848869374328, 12.821272102826235], [80.03846153612352, 12.821280101655022], [80.03845609743769, 12.821272143011061]]]}}, {"type": "Feature", "properties": {"id": "main eee block entrance area:predicted:13", "site": "main eee block entrance area", "source": "predicted", "class": "parcel_boundary", "area_sqm": 70.9}, "geometry": {"type": "Polygon", "coordinates": [[[80.03852949089648, 12.82134373875291], [80.03852403321237, 12.821309230294982], [80.03855936780029, 12.821341046687591], [80.03864896814734, 12.821290490586765], [80.0386924276295, 12.821290436915099], [80.03870871408073, 12.821274486627972], [80.03870868543912, 12.82123200546862], [80.0387413225467, 12.821295686535109], [80.03873589728154, 12.821306313204154], [80.03870058341884, 12.821301046885623], [80.03866529104207, 12.821327640440868], [80.03858925019236, 12.821346319547757], [80.03852949089648, 12.82134373875291]]]}}, {"type": "Feature", "properties": {"id": "main eee block entrance area:predicted:14", "site": "main eee block entrance area", "source": "predicted", "class": "parcel_boundary", "area_sqm": 710.0}, "geometry": {"type": "Polygon", "coordinates": [[[80.03836118637298, 12.821482004194019], [80.03828241405702, 12.821482103241484], [80.03817351278396, 12.821184867118548], [80.03818704528958, 12.821123776538174], [80.03825765427663, 12.82109448086459], [80.0383364422965, 12.821102351678551], [80.03833106962178, 12.821179363891437], [80.03840714375134, 12.821195202570289], [80.03840446582771, 12.82124565505227], [80.03836102758162, 12.82127757051272], [80.03838549168631, 12.821298781307895], [80.03836927142136, 12.821399692521025], [80.03839648338739, 12.821463376009024], [80.03836118637298, 12.821482004194019]]]}}, {"type": "Feature", "properties": {"id": "main eee block entrance area:predicted:15", "site": "main eee block entrance area", "source": "predicted", "class": "parcel_boundary", "area_sqm": 5947.8}, "geometry": {"type": "Polygon", "coordinates": [[[80.03798721125871, 12.822480438887125], [80.03764501924424, 12.822480909183987], [80.0371200048631, 12.821772958229294], [80.03776721361699, 12.82245951352385], [80.03735344258826, 12.821584163603173], [80.03687779481847, 12.821438728914123], [80.03714145274284, 12.82152071033681], [80.03713556844876, 12.821125054474802], [80.03672807656126, 12.821226470730858], [80.03672699699587, 12.820368452041246], [80.03705106170747, 12.820894087345167], [80.03685559006682, 12.82105634111451], [80.0372985790394, 12.821100954732609], [80.03776937905852, 12.82188095302042], [80.03735339981888, 12.821544338472945], [80.03798721125871, 12.822480438887125]]]}}, {"type": "Feature", "properties": {"id": "srm dental:ground_truth:0", "site": "srm dental", "source": "ground_truth", "class": "parcel_boundary", "area_sqm": 1793.4}, "geometry": {"type": "Polygon", "coordinates": [[[80.04905906961862, 12.824189790052252], [80.04910184482365, 12.823938341599288], [80.04930087368231, 12.823940731699883], [80.04935202802842, 12.823990485475145], [80.04938255601789, 12.823955624488118], [80.04955095674322, 12.823963006517431], [80.04956415134225, 12.824129763004333], [80.04950837892055, 12.824266709594697], [80.04924299447302, 12.824264375046733], [80.04914100104739, 12.824299292036537], [80.04905906961862, 12.824189790052252]]]}}, {"type": "Feature", "properties": {"id": "srm dental:ground_truth:1", "site": "srm dental", "source": "ground_truth", "class": "parcel_boundary", "area_sqm": 6220.7}, "geometry": {"type": "Polygon", "coordinates": [[[80.04987782860498, 12.825011043077557], [80.04984855424756, 12.824575228418523], [80.04965714762149, 12.824560415459027], [80.04965349119612, 12.824147138102116], [80.04992129184483, 12.824127078353591], [80.0499581223132, 12.824525357716759], [80.05024883582371, 12.824490313319634], [80.05020218664906, 12.824238924469288], [80.05027853974569, 12.824184124603809], [80.0505364396063, 12.824290997304834], [80.05057901192667, 12.824863563107787], [80.05042858631373, 12.824888578179667], [80.05034729484727, 12.825003202917888], [80.0502450155015, 12.82492607357191], [80.04987782860498, 12.825011043077557]]]}}, {"type": "Feature", "properties": {"id": "srm dental:ground_truth:2", "site": "srm dental", "source": "ground_truth", "class": "parcel_boundary", "area_sqm": 1594.4}, "geometry": {"type": "Polygon", "coordinates": [[[80.05088568131414, 12.825050098148925], [80.05077595662453, 12.825035242695174], [80.05077263792458, 12.824793699848993], [80.05070819403562, 12.824577144091299], [80.05064936622964, 12.82452241621953], [80.0506052847933, 12.82428846773489], [80.05066112038617, 12.824203818181479], [80.0507554400062, 12.824196298941901], [80.05082524671067, 12.824497409198347], [80.05086356846944, 12.824519787044549], [80.05093107261584, 12.824890690518954], [80.05088568131414, 12.825050098148925]]]}}, {"type": "Feature", "properties": {"id": "srm dental:ground_truth:3", "site": "srm dental", "source": "ground_truth", "class": "parcel_boundary", "area_sqm": 10124.9}, "geometry": {"type": "Polygon", "coordinates": [[[80.04960971560067, 12.824956449356995], [80.04898461861657, 12.825081509807138], [80.04914556017071, 12.825121247223564], [80.04913325638208, 12.825310644163489], [80.04900051792897, 12.82532571242868], [80.04884888626916, 12.824904713860631], [80.04816172232948, 12.82478812104028], [80.04815076214952, 12.824414449307183], [80.04844410745828, 12.824277292881517], [80.04903119321341, 12.824271968315307], [80.04918725036553, 12.824426252969335], [80.04915006335838, 12.82487459208831], [80.04931856082747, 12.824884430319823], [80.04929425660852, 12.82435397703421], [80.04955193104342, 12.824333902899088], [80.0495859297789, 12.824647621390255], [80.04937949629304, 12.824757349936352], [80.04960170271565, 12.824821947878087], [80.04960971560067, 12.824956449356995]]]}}, {"type": "Feature", "properties": {"id": "srm dental:ground_truth:4", "site": "srm dental", "source": "ground_truth", "class": "parcel_boundary", "area_sqm": 34.0}, "geometry": {"type": "Polygon", "coordinates": [[[80.05004980601016, 12.825364666979453], [80.05004215689844, 12.82536716537125], [80.05002427104557, 12.825359706087674], [80.05002422859287, 12.825344756236902], [80.05001145404816, 12.825339784131467], [80.05001143286528, 12.825332309290172], [80.0500037625083, 12.825327332745085], [80.05000373429931, 12.825317366393302], [80.05001137637827, 12.825312376627586], [80.05001134107441, 12.825299918896304], [80.05000367788209, 12.82529743395977], [80.05000364967387, 12.825287467878017], [80.05001638861904, 12.825279982447467], [80.050026603715, 12.825282465184637], [80.0500291840368, 12.825292428965746], [80.05004706931312, 12.82529988810615], [80.05004972075982, 12.825334767550324], [80.05005483903132, 12.825339746279077], [80.05004980601016, 12.825364666979453]]]}}, {"type": "Feature", "properties": {"id": "srm dental:ground_truth:5", "site": "srm dental", "source": "ground_truth", "class": "parcel_boundary", "area_sqm": 4869.5}, "geometry": {"type": "Polygon", "coordinates": [[[80.04873537272726, 12.82551787783563], [80.0481479156597, 12.825550831280573], [80.04805824486807, 12.825423758128956], [80.04837752243647, 12.825398543749163], [80.04804284788726, 12.825388868639783], [80.04800680139192, 12.825244311694325], [80.04743448561648, 12.825262248164075], [80.0474238368272, 12.825005489937968], [80.04800125569778, 12.825017499345554], [80.04802965376882, 12.825172005479898], [80.0483794189895, 12.825084487920464], [80.04844088382501, 12.825164188514188], [80.04871156923343, 12.825153996844756], [80.04873537272726, 12.82551787783563]]]}}, {"type": "Feature", "properties": {"id": "srm dental:ground_truth:6", "site": "srm dental", "source": "ground_truth", "class": "parcel_boundary", "area_sqm": 285.9}, "geometry": {"type": "Polygon", "coordinates": [[[80.04879677111919, 12.825562693390596], [80.04878397832864, 12.825552733557053], [80.04877844494024, 12.825365784706241], [80.04880140055198, 12.825353302129358], [80.04888822631301, 12.825353226085866], [80.04890398983468, 12.82554265068938], [80.048868281951, 12.825562626746654], [80.04879677111919, 12.825562693390596]]]}}, {"type": "Feature", "properties": {"id": "srm dental:ground_truth:7", "site": "srm dental", "source": "ground_truth", "class": "parcel_boundary", "area_sqm": 49.9}, "geometry": {"type": "Polygon", "coordinates": [[[80.04964224175345, 12.825669082871048], [80.04961928470634, 12.82567658285412], [80.04957838344397, 12.825656680979707], [80.04955288552529, 12.825669168713484], [80.0495477727865, 12.825666680945734], [80.04955277426127, 12.825626794093568], [80.0495655197766, 12.82561930429578], [80.04958595041663, 12.825621777488402], [80.04961144714838, 12.825609290725605], [80.04962423171462, 12.825616756161722], [80.04962426484157, 12.825629218764522], [80.04963962234915, 12.825644159460603], [80.04964224175345, 12.825669082871048]]]}}, {"type": "Feature", "properties": {"id": "srm dental:ground_truth:8", "site": "srm dental", "source": "ground_truth", "class": "parcel_boundary", "area_sqm": 289.4}, "geometry": {"type": "Polygon", "coordinates": [[[80.04919865969055, 12.825948750925479], [80.04909783614247, 12.825445260240473], [80.04901871287663, 12.825460286765558], [80.04905786631105, 12.825814248312504], [80.0490272544777, 12.825829239152029], [80.04899819530011, 12.825422917320514], [80.04913863634808, 12.825422791692592], [80.04919865969055, 12.825948750925479]]]}}, {"type": "Feature", "properties": {"id": "srm dental:ground_truth:9", "site": "srm dental", "source": "ground_truth", "class": "parcel_boundary", "area_sqm": 6460.9}, "geometry": {"type": "Polygon", "coordinates": [[[80.05005913416622, 12.825950352850272], [80.050117364804, 12.825783278270471], [80.05003033133917, 12.825696126341066], [80.05018375651497, 12.825793182559929], [80.05012403003275, 12.825439352545999], [80.05004232719936, 12.825426966917918], [80.05011116931291, 12.825404479642348], [80.0500771649891, 12.825115507018634], [80.0505694085295, 12.825057821414243], [80.05070989646863, 12.825117483673234], [80.05087533849549, 12.825797479228601], [80.05005913416622, 12.825950352850272]]]}}, {"type": "Feature", "properties": {"id": "srm dental:ground_truth:10", "site": "srm dental", "source": "ground_truth", "class": "parcel_boundary", "area_sqm": 3247.1}, "geometry": {"type": "Polygon", "coordinates": [[[80.04742556897426, 12.826047885879147], [80.04744801373486, 12.825711096904406], [80.0484906607352, 12.825747486927956], [80.04848332247634, 12.82589961230108], [80.04809494842817, 12.825900009283345], [80.04812834064909, 12.825987273852103], [80.04804407790164, 12.826022284158464], [80.04742556897426, 12.826047885879147]]]}}, {"type": "Feature", "properties": {"id": "srm dental:ground_truth:11", "site": "srm dental", "source": "ground_truth", "class": "parcel_boundary", "area_sqm": 1003.5}, "geometry": {"type": "Polygon", "coordinates": [[[80.05111631283214, 12.826143671693975], [80.0510876087429, 12.825951779436013], [80.0515082672968, 12.825876585364304], [80.05150901107064, 12.82608841180375], [80.05111631283214, 12.826143671693975]]]}}, {"type": "Feature", "properties": {"id": "srm dental:ground_truth:12", "site": "srm dental", "source": "ground_truth", "class": "parcel_boundary", "area_sqm": 159.4}, "geometry": {"type": "Polygon", "coordinates": [[[80.04922472968344, 12.826163188357338], [80.0490791693666, 12.826175818090823], [80.04904288887995, 12.825958886882013], [80.0490709840935, 12.825958857713358], [80.04909179634296, 12.82611594670107], [80.04911229673209, 12.826143358708354], [80.0491965542993, 12.826130797190196], [80.04918344652603, 12.825993651626746], [80.04921154622846, 12.825996115833464], [80.04922472968344, 12.826163188357338]]]}}, {"type": "Feature", "properties": {"id": "srm dental:ground_truth:13", "site": "srm dental", "source": "ground_truth", "class": "parcel_boundary", "area_sqm": 567.2}, "geometry": {"type": "Polygon", "coordinates": [[[80.04858612918939, 12.826181347596313], [80.04857812097629, 12.82602421491472], [80.04859597744488, 12.82601172553924], [80.0488693212578, 12.826011437914538], [80.04887986301307, 12.826151094147972], [80.04886711895776, 12.826163579235052], [80.04858612918939, 12.826181347596313]]]}}, {"type": "Feature", "properties": {"id": "srm dental:predicted:0", "site": "srm dental", "source": "predicted", "class": "parcel_boundary", "area_sqm": 219.5}, "geometry": {"type": "Polygon", "coordinates": [[[80.05068765896688, 12.824534837916323], [80.05065704037656, 12.824529879280462], [80.05064423460075, 12.82451246218337], [80.05064142022431, 12.824427829777392], [80.05060526161397, 12.824281001206973], [80.05061783378369, 12.824223752195552], [80.0506866815904, 12.824223712723168], [80.05068765896688, 12.824534837916323]]]}}, {"type": "Feature", "properties": {"id": "srm dental:predicted:1", "site": "srm dental", "source": "predicted", "class": "parcel_boundary", "area_sqm": 5636.8}, "geometry": {"type": "Polygon", "coordinates": [[[80.04988036666829, 12.825006059153763], [80.04984853362265, 12.82456775843362], [80.04965205758305, 12.824565399058013], [80.04965369747424, 12.824224304962016], [80.04993431767011, 12.824224144074565], [80.04986604871542, 12.82444325484396], [80.0500423176704, 12.824527792413846], [80.05024628504293, 12.824490314964248], [80.0502021430155, 12.82422399052276], [80.05052876620469, 12.824283535130833], [80.05057391809308, 12.824866057081767], [80.05042854113688, 12.824873636334042], [80.0503625500264, 12.824985756688752], [80.05022206835349, 12.824931072164667], [80.04988036666829, 12.825006059153763]]]}}, {"type": "Feature", "properties": {"id": "srm dental:predicted:2", "site": "srm dental", "source": "predicted", "class": "parcel_boundary", "area_sqm": 9484.3}, "geometry": {"type": "Polygon", "coordinates": [[[80.04959425740958, 12.824901659750543], [80.04916825003522, 12.82500412528419], [80.04911761596716, 12.825178581232123], [80.0489720822621, 12.825178701887523], [80.04884376842824, 12.824899734894302], [80.04873668943799, 12.824969579377816], [80.04815916337817, 12.824785631281628], [80.04815844269277, 12.824424407640269], [80.04843645372438, 12.824279787654758], [80.04906695351333, 12.824284396644684], [80.04918471046024, 12.824431234800862], [80.04914751062991, 12.824874593996658], [80.04932627492052, 12.824906844255441], [80.04929682103835, 12.824358955236795], [80.04954428290688, 12.824336397176491], [80.04960107601353, 12.824585354335033], [80.04938444202753, 12.824695079931564], [80.04938220731817, 12.824819618014624], [80.04959425740958, 12.824901659750543]]]}}, {"type": "Feature", "properties": {"id": "srm dental:predicted:3", "site": "srm dental", "source": "predicted", "class": "parcel_boundary", "area_sqm": 1253.3}, "geometry": {"type": "Polygon", "coordinates": [[[80.04742423863901, 12.82524729792843], [80.0474238451111, 12.82501047513472], [80.04801405682069, 12.825032442769752], [80.04801434050717, 12.825179495907818], [80.04762855531187, 12.82518230860151], [80.04757755489321, 12.825242181986646], [80.04755962901872, 12.825219760008352], [80.04742423863901, 12.82524729792843]]]}}, {"type": "Feature", "properties": {"id": "srm dental:predicted:4", "site": "srm dental", "source": "predicted", "class": "parcel_boundary", "area_sqm": 200.9}, "geometry": {"type": "Polygon", "coordinates": [[[80.04888357060403, 12.82554765529812], [80.04884781031687, 12.825545195610365], [80.04882475623765, 12.825515302791826], [80.04878131649555, 12.82550537138938], [80.04878615745353, 12.825388210684041], [80.04879632717474, 12.825368261484297], [80.04887804064342, 12.825365697145918], [80.04889629348119, 12.825527700942054], [80.04888357060403, 12.82554765529812]]]}}, {"type": "Feature", "properties": {"id": "srm dental:predicted:5", "site": "srm dental", "source": "predicted", "class": "parcel_boundary", "area_sqm": 3005.4}, "geometry": {"type": "Polygon", "coordinates": [[[80.04801452804949, 12.82527671128439], [80.04801950272584, 12.825206910488799], [80.04808072073324, 12.825159500640906], [80.04838967168011, 12.82510192473756], [80.04843066766757, 12.825164196942996], [80.04870902117352, 12.82515649101879], [80.04873027025863, 12.825520375416872], [80.04815046557623, 12.825548335570215], [80.04813491372022, 12.825436154957858], [80.04818082898667, 12.825401211365936], [80.04805050268385, 12.825383875784123], [80.0480759287571, 12.82532152964109], [80.04801452804949, 12.82527671128439]]]}}, {"type": "Feature", "properties": {"id": "srm dental:predicted:6", "site": "srm dental", "source": "predicted", "class": "parcel_boundary", "area_sqm": 44.3}, "geometry": {"type": "Polygon", "coordinates": [[[80.04917018132646, 12.825791696933644], [80.04915225615963, 12.825771769138118], [80.04912605737265, 12.825500070236469], [80.04913627128151, 12.825500060888322], [80.04917018132646, 12.825791696933644]]]}}, {"type": "Feature", "properties": {"id": "srm dental:predicted:7", "site": "srm dental", "source": "predicted", "class": "parcel_boundary", "area_sqm": 419.5}, "geometry": {"type": "Polygon", "coordinates": [[[80.04902726043048, 12.825831732539934], [80.04897725963572, 12.825208601436184], [80.04911000493607, 12.825198522636525], [80.04913813805821, 12.82521843446706], [80.04911549847867, 12.82535801155851], [80.04908731528492, 12.825318160437464], [80.04902098111457, 12.825340648296072], [80.04908247322568, 12.82542782681318], [80.04901365319117, 12.825480232047195], [80.04905533032098, 12.82582173088782], [80.04902726043048, 12.825831732539934]]]}}, {"type": "Feature", "properties": {"id": "srm dental:predicted:8", "site": "srm dental", "source": "predicted", "class": "parcel_boundary", "area_sqm": 31.7}, "geometry": {"type": "Polygon", "coordinates": [[[80.04919098568516, 12.82594377177868], [80.04918077001943, 12.825943782343687], [80.04917051760978, 12.82592883171953], [80.0491704136632, 12.82588644278462], [80.04916263602729, 12.8258390765509], [80.04917535615958, 12.825819117416273], [80.04918816798745, 12.825836557559349], [80.04919086907043, 12.825896395635068], [80.04919861051964, 12.825928802778611], [80.04919098568516, 12.82594377177868]]]}}, {"type": "Feature", "properties": {"id": "srm dental:predicted:9", "site": "srm dental", "source": "predicted", "class": "parcel_boundary", "area_sqm": 5296.3}, "geometry": {"type": "Polygon", "coordinates": [[[80.0500667567126, 12.825937880159195], [80.05006332807609, 12.82563129391169], [80.05009941158515, 12.82575338560007], [80.05018617096187, 12.825745822964413], [80.05011030859987, 12.825105515918358], [80.05052612509925, 12.825085253379001], [80.05068958324917, 12.825147388681255], [80.05069189223293, 12.825882400262433], [80.0502886222828, 12.825867854922665], [80.0500667567126, 12.825937880159195]]]}}, {"type": "Feature", "properties": {"id": "srm dental:predicted:10", "site": "srm dental", "source": "predicted", "class": "parcel_boundary", "area_sqm": 730.5}, "geometry": {"type": "Polygon", "coordinates": [[[80.04849114738518, 12.82597442406216], [80.04840684420498, 12.825979500201674], [80.04840674964854, 12.825934606616732], [80.04837095363706, 12.825922173278261], [80.04819723019521, 12.82593482274082], [80.04817414289461, 12.825889951901722], [80.04810254084248, 12.82586258965088], [80.04809978437042, 12.825760339726136], [80.04845490604384, 12.82575250920358], [80.04848563691321, 12.825787389650959], [80.04847547674451, 12.825814830375567], [80.04839889068342, 12.825842338809185], [80.04846799345447, 12.825899627969866], [80.04849114738518, 12.82597442406216]]]}}, {"type": "Feature", "properties": {"id": "srm dental:predicted:11", "site": "srm dental", "source": "predicted", "class": "parcel_boundary", "area_sqm": 2900.8}, "geometry": {"type": "Polygon", "coordinates": [[[80.04744037061627, 12.825726069515426], [80.04790290727075, 12.825698185746596], [80.04796945561549, 12.82575548019659], [80.04805371271692, 12.825720483676019], [80.04807210119594, 12.825977355159202], [80.0481895894431, 12.825947301632521], [80.04823321587801, 12.826039545265207], [80.04808509371553, 12.826087098634616], [80.0480363918356, 12.826012314360488], [80.04796242617775, 12.826089724857907], [80.04784221851645, 12.826044948891028], [80.0476914426372, 12.826060077571437], [80.0476787773377, 12.826124958067473], [80.04745893634748, 12.826127691115778], [80.04744037061627, 12.825726069515426]]]}}, {"type": "Feature", "properties": {"id": "srm dental:predicted:12", "site": "srm dental", "source": "predicted", "class": "parcel_boundary", "area_sqm": 208.0}, "geometry": {"type": "Polygon", "coordinates": [[[80.04921459333043, 12.826195622197043], [80.0490714643321, 12.826158367656577], [80.04904287693849, 12.825953899557787], [80.04908119441592, 12.825956353467408], [80.04909171197548, 12.826081031390586], [80.04917102517099, 12.826135812838766], [80.04919398789575, 12.82612581205985], [80.04918091705287, 12.826003628964306], [80.04920898612656, 12.825993624872334], [80.04921459333043, 12.826195622197043]]]}}, {"type": "Feature", "properties": {"id": "srm dental:predicted:13", "site": "srm dental", "source": "predicted", "class": "parcel_boundary", "area_sqm": 444.1}, "geometry": {"type": "Polygon", "coordinates": [[[80.04854783608857, 12.826196356775073], [80.04858599279251, 12.826118987469936], [80.04857566412238, 12.82606911281571], [80.04859859241176, 12.82603915811274], [80.04886937323423, 12.826033883264083], [80.048861917462, 12.826123677521055], [80.04877257909735, 12.826156199642936], [80.04864742637527, 12.826171302593119], [80.04858107911149, 12.826208792814905], [80.04854783608857, 12.826196356775073]]]}}, {"type": "Feature", "properties": {"id": "srm dental:predicted:14", "site": "srm dental", "source": "predicted", "class": "parcel_boundary", "area_sqm": 73.4}, "geometry": {"type": "Polygon", "coordinates": [[[80.04897238517194, 12.826387963571015], [80.04899025632318, 12.826382953613699], [80.04901072343239, 12.826395403382808], [80.04904906714404, 12.826405337762397], [80.04907722806126, 12.826430252048699], [80.04908239747765, 12.826455193451883], [80.04896487985211, 12.826455331095563], [80.04897238517194, 12.826387963571015]]]}}, {"type": "Feature", "properties": {"id": "srm dental:predicted:15", "site": "srm dental", "source": "predicted", "class": "parcel_boundary", "area_sqm": 372.0}, "geometry": {"type": "Polygon", "coordinates": [[[80.04815738468068, 12.826456276882256], [80.04805514517608, 12.826456396631286], [80.04801674133459, 12.826424000807393], [80.04793493577303, 12.826419104994017], [80.04792446611881, 12.82628936085353], [80.04811107252328, 12.826301625929354], [80.04810856097605, 12.826324084641387], [80.04815719572169, 12.826361456387065], [80.04816499762214, 12.826428819082288], [80.04815481882149, 12.826451289117069], [80.0480858127237, 12.82645386527741], [80.04815738468068, 12.826456276882256]]]}}, {"type": "Feature", "properties": {"id": "srm global:ground_truth:0", "site": "srm global", "source": "ground_truth", "class": "parcel_boundary", "area_sqm": 61197.0}, "geometry": {"type": "Polygon", "coordinates": [[[80.04772707303128, 12.823840788835883], [80.04738323466263, 12.8225568222137], [80.0477938986516, 12.82248428891974], [80.04766007775491, 12.821493478291279], [80.05003144112953, 12.821679625236351], [80.05034887208886, 12.822717822582154], [80.05018487561186, 12.822351820931836], [80.04955061135281, 12.822366608621335], [80.04955365002235, 12.822849831142092], [80.05041605790142, 12.82285372533971], [80.05061479637986, 12.823663031286264], [80.05050739775096, 12.82329502583275], [80.05010719950782, 12.823325712051476], [80.05010464877013, 12.823805614358662], [80.05061209434582, 12.8237908056589], [80.04957048291297, 12.823851657613702], [80.04950805409302, 12.82294113976531], [80.04922940250667, 12.82362688540237], [80.0485501412388, 12.823482371577578], [80.04871341561174, 12.823161774036626], [80.04825557428624, 12.823849481389116], [80.04772707303128, 12.823840788835883]]]}}, {"type": "Feature", "properties": {"id": "srm global:predicted:0", "site": "srm global", "source": "predicted", "class": "parcel_boundary", "area_sqm": 406.6}, "geometry": {"type": "Polygon", "coordinates": [[[80.04738064062632, 12.822593374838043], [80.0473564182769, 12.822569839660838], [80.04734555406726, 12.822520209681477], [80.04736960159981, 12.822473237231499], [80.04734267193568, 12.822441859068032], [80.04733981575725, 12.822373946716425], [80.04741224210251, 12.822342703537837], [80.04741208786821, 12.822280008169551], [80.04746044080939, 12.822285300394515], [80.04750351016895, 12.82232715817773], [80.0474607064167, 12.822395013067004], [80.04746085817114, 12.822457697275372], [80.047517328708, 12.822491729096186], [80.04743967586164, 12.822580404431912], [80.04738064062632, 12.822593374838043]]]}}, {"type": "Feature", "properties": {"id": "srm global:predicted:1", "site": "srm global", "source": "predicted", "class": "parcel_boundary", "area_sqm": 47343.7}, "geometry": {"type": "Polygon", "coordinates": [[[80.04774848124876, 12.823817369971001], [80.04763070495733, 12.822752998895869], [80.0473541131769, 12.822721266138734], [80.04771896119715, 12.822599086225688], [80.04765496315035, 12.821608559266764], [80.04968460083485, 12.82175765160934], [80.04968498534656, 12.822377249841303], [80.04945136522886, 12.822591143382263], [80.04968527874367, 12.822850026943803], [80.04968588751443, 12.823830993926894], [80.04935820580484, 12.823577547428288], [80.04872741176625, 12.823571317231675], [80.04774848124876, 12.823817369971001]]]}}, {"type": "Feature", "properties": {"id": "srm medical:ground_truth:0", "site": "srm medical", "source": "ground_truth", "class": "parcel_boundary", "area_sqm": 721.1}, "geometry": {"type": "Polygon", "coordinates": [[[80.04972244432201, 12.820285854927063], [80.04971282714735, 12.820083236071445], [80.04967270669556, 12.820075205455897], [80.04966531476144, 12.819932286802041], [80.04983972266015, 12.819909123751811], [80.04985836857537, 12.819922445958404], [80.04986541412374, 12.820054645094848], [80.04977702689898, 12.820083411861122], [80.04987043890598, 12.820096844752225], [80.04987445884163, 12.820270309778898], [80.04972244432201, 12.820285854927063]]]}}, {"type": "Feature", "properties": {"id": "srm medical:ground_truth:1", "site": "srm medical", "source": "ground_truth", "class": "parcel_boundary", "area_sqm": 759.6}, "geometry": {"type": "Polygon", "coordinates": [[[80.04857813072512, 12.820479771155327], [80.04854531464235, 12.820226182091902], [80.0488030246767, 12.820218661065061], [80.04882656860676, 12.82045867848801], [80.04857813072512, 12.820479771155327]]]}}, {"type": "Feature", "properties": {"id": "srm medical:ground_truth:2", "site": "srm medical", "source": "ground_truth", "class": "parcel_boundary", "area_sqm": 1941.9}, "geometry": {"type": "Polygon", "coordinates": [[[80.04892914226794, 12.820479663308612], [80.04889216017038, 12.820192350140392], [80.04902180404719, 12.820171432128879], [80.04903565938771, 12.820245464821031], [80.04909499319214, 12.820248191682703], [80.04910556764574, 12.820192752951378], [80.04905423463016, 12.820176789187624], [80.04904316600818, 12.820118520287803], [80.04908323151803, 12.820004520241701], [80.04935320319383, 12.819976229641538], [80.04936930414166, 12.820379998854845], [80.04904991147428, 12.820414019083978], [80.04901255456049, 12.820477015077632], [80.04892914226794, 12.820479663308612]]]}}, {"type": "Feature", "properties": {"id": "srm medical:ground_truth:3", "site": "srm medical", "source": "ground_truth", "class": "parcel_boundary", "area_sqm": 214.9}, "geometry": {"type": "Polygon", "coordinates": [[[80.04765968111211, 12.820601720224976], [80.0475222990397, 12.82059395903717], [80.04753524696298, 12.820564854823237], [80.04751833065701, 12.82054899165401], [80.04751761118466, 12.820522510427782], [80.04753389254736, 12.820514552653032], [80.04751349093664, 12.820472139662389], [80.04752088291536, 12.82044028678071], [80.04755694064536, 12.82045090395622], [80.04758402641775, 12.820434977538165], [80.04764470660733, 12.82044293889591], [80.04762570518226, 12.820559481104466], [80.04765968111211, 12.820601720224976]]]}}, {"type": "Feature", "properties": {"id": "srm medical:ground_truth:4", "site": "srm medical", "source": "ground_truth", "class": "parcel_boundary", "area_sqm": 490.0}, "geometry": {"type": "Polygon", "coordinates": [[[80.04978667607777, 12.820669174702104], [80.04970599106346, 12.820372302608956], [80.04985530175568, 12.820340998680992], [80.04989540951024, 12.820648254733303], [80.04978667607777, 12.820669174702104]]]}}, {"type": "Feature", "properties": {"id": "srm medical:ground_truth:5", "site": "srm medical", "source": "ground_truth", "class": "parcel_boundary", "area_sqm": 145.2}, "geometry": {"type": "Polygon", "coordinates": [[[80.04987019039068, 12.820831845645655], [80.04985968544102, 12.820824141344705], [80.04985463101252, 12.82079319317275], [80.0498362219228, 12.820780331722357], [80.04982589667176, 12.820744177148955], [80.04982621970176, 12.82069759997097], [80.04983686391061, 12.820689810458317], [80.04990307706063, 12.820681916704705], [80.04992375632226, 12.820738779633071], [80.04993366169732, 12.820816188944606], [80.04987019039068, 12.820831845645655]]]}}, {"type": "Feature", "properties": {"id": "srm medical:ground_truth:6", "site": "srm medical", "source": "ground_truth", "class": "parcel_boundary", "area_sqm": 257.3}, "geometry": {"type": "Polygon", "coordinates": [[[80.0483882656607, 12.820851962765428], [80.04834179312604, 12.820815586890486], [80.04834382971448, 12.820771181080286], [80.04830492334044, 12.820705860318245], [80.0482672314819, 12.82072165319944], [80.04822620952542, 12.820700777698141], [80.04817224777251, 12.82071923616886], [80.0481932830039, 12.820679861426541], [80.04817118866976, 12.82065890367223], [80.04817552042506, 12.820595826519897], [80.04821358032255, 12.820595781305371], [80.04823768758621, 12.820574713369073], [80.0482843714097, 12.820606208261442], [80.04837598260532, 12.820750190871399], [80.0483882656607, 12.820851962765428]]]}}, {"type": "Feature", "properties": {"id": "srm medical:ground_truth:7", "site": "srm medical", "source": "ground_truth", "class": "parcel_boundary", "area_sqm": 62.5}, "geometry": {"type": "Polygon", "coordinates": [[[80.04860019533862, 12.82099670647543], [80.04857595758253, 12.820991626025707], [80.04857553561077, 12.820955321690825], [80.04856471936583, 12.820950174014168], [80.04855634222486, 12.820924242037801], [80.04846210443333, 12.820924590119835], [80.04842947641554, 12.820903904543602], [80.04859645359066, 12.820903314231503], [80.04860019533862, 12.82099670647543]]]}}, {"type": "Feature", "properties": {"id": "srm medical:ground_truth:8", "site": "srm medical", "source": "ground_truth", "class": "parcel_boundary", "area_sqm": 2545.5}, "geometry": {"type": "Polygon", "coordinates": [[[80.04900232402746, 12.821085285243102], [80.04899642387144, 12.820979520890273], [80.0494037393525, 12.820934012985418], [80.04939056278398, 12.820724435719944], [80.04933456644675, 12.820656964172114], [80.04897115383746, 12.82076439570191], [80.04894854406926, 12.820571365947659], [80.0495561542697, 12.820513404464027], [80.04964646132187, 12.820575867503159], [80.04965105846188, 12.82074199766774], [80.049531508331, 12.820765594150126], [80.04954139474152, 12.821036411915845], [80.04900232402746, 12.821085285243102]]]}}, {"type": "Feature", "properties": {"id": "srm medical:ground_truth:9", "site": "srm medical", "source": "ground_truth", "class": "parcel_boundary", "area_sqm": 615.1}, "geometry": {"type": "Polygon", "coordinates": [[[80.04982581688529, 12.821134935046864], [80.04969416824747, 12.821135639458964], [80.04969486227816, 12.820997195628244], [80.04959180609384, 12.82098992338251], [80.04956858851531, 12.820799145680253], [80.049658797258, 12.820791140813634], [80.0496851477735, 12.82082207550704], [80.04974606114537, 12.820816733142246], [80.0497609169225, 12.820986640084385], [80.04982929118891, 12.821014579035527], [80.04982581688529, 12.821134935046864]]]}}, {"type": "Feature", "properties": {"id": "srm medical:ground_truth:10", "site": "srm medical", "source": "ground_truth", "class": "parcel_boundary", "area_sqm": 313.1}, "geometry": {"type": "Polygon", "coordinates": [[[80.0475094883659, 12.82122528123607], [80.04746822600534, 12.821113704415303], [80.04743488565693, 12.821093024369576], [80.04745664857751, 12.820896858864156], [80.04755076940337, 12.820938424087561], [80.04756196463406, 12.82105069886428], [80.04752371022353, 12.821048267101949], [80.0475141559111, 12.82109784353002], [80.04755015399608, 12.821118492944441], [80.04757026101366, 12.821157403021257], [80.0475094883659, 12.82122528123607]]]}}, {"type": "Feature", "properties": {"id": "srm medical:ground_truth:11", "site": "srm medical", "source": "ground_truth", "class": "parcel_boundary", "area_sqm": 4044.3}, "geometry": {"type": "Polygon", "coordinates": [[[80.04859119439931, 12.821383203877751], [80.04773262342258, 12.82112535274728], [80.04743648881039, 12.820280486329034], [80.04848301873221, 12.820034549378756], [80.0485923168749, 12.820775770710416], [80.04805529148204, 12.820429702746807], [80.04846439804571, 12.820279071865771], [80.04822577355353, 12.82002038949975], [80.0476625997855, 12.820168646664102], [80.04794076827827, 12.820442931084894], [80.04745940624048, 12.820309861157858], [80.04746814253346, 12.82072073272976], [80.04799372727167, 12.820493162810951], [80.04824465355632, 12.820995618388842], [80.04785677775689, 12.820727787353256], [80.04775373138766, 12.821099251464998], [80.04819645403774, 12.821332042785075], [80.04842961200188, 12.821108806204286], [80.04849467305533, 12.821360818138942], [80.04859360908328, 12.821126044253655], [80.04859119439931, 12.821383203877751]]]}}, {"type": "Feature", "properties": {"id": "srm medical:ground_truth:12", "site": "srm medical", "source": "ground_truth", "class": "parcel_boundary", "area_sqm": 418.9}, "geometry": {"type": "Polygon", "coordinates": [[[80.04988645826042, 12.821444831039013], [80.04973470140412, 12.821423192087483], [80.0497167079663, 12.821354784871197], [80.0497124258278, 12.821171335586595], [80.04981768023207, 12.8211707434424], [80.04981929038941, 12.821318494637909], [80.04990303864538, 12.821335705787721], [80.04988645826042, 12.821444831039013]]]}}, {"type": "Feature", "properties": {"id": "srm medical:predicted:0", "site": "srm medical", "source": "predicted", "class": "parcel_boundary", "area_sqm": 759.5}, "geometry": {"type": "Polygon", "coordinates": [[[80.04804163532067, 12.82042970173627], [80.04807701835942, 12.82027859883825], [80.04848564474294, 12.82023934600786], [80.04849562131677, 12.82038224113226], [80.04829983664249, 12.820379511388841], [80.04823805493525, 12.820432358073198], [80.04804163532067, 12.82042970173627]]]}}, {"type": "Feature", "properties": {"id": "srm medical:predicted:1", "site": "srm medical", "source": "predicted", "class": "parcel_boundary", "area_sqm": 1216.9}, "geometry": {"type": "Polygon", "coordinates": [[[80.0489182337651, 12.820458665032493], [80.0489083753094, 12.820189733831214], [80.04900300286253, 12.820192559358247], [80.04904646158634, 12.820248120669575], [80.0491164950799, 12.820232389616372], [80.04910003341273, 12.820155721291501], [80.04936934233204, 12.820156305896973], [80.04934519030546, 12.82037474041457], [80.04906332836993, 12.820406141131134], [80.04900165772032, 12.820450778853205], [80.0489182337651, 12.820458665032493]]]}}, {"type": "Feature", "properties": {"id": "srm medical:predicted:2", "site": "srm medical", "source": "predicted", "class": "parcel_boundary", "area_sqm": 671.7}, "geometry": {"type": "Polygon", "coordinates": [[[80.04859154700662, 12.820469241635408], [80.0485466740401, 12.82034000723442], [80.04860267791541, 12.820252768261728], [80.04864577619058, 12.820221046005102], [80.04880596916043, 12.820247768772719], [80.04883192346719, 12.82045342180431], [80.04859154700662, 12.820469241635408]]]}}, {"type": "Feature", "properties": {"id": "srm medical:predicted:3", "site": "srm medical", "source": "predicted", "class": "parcel_boundary", "area_sqm": 46.1}, "geometry": {"type": "Polygon", "coordinates": [[[80.04798349910172, 12.820527497255759], [80.04797011799312, 12.820540702320534], [80.0479565209268, 12.820543351650164], [80.04793991477558, 12.820532806637182], [80.04784423871486, 12.820532874371185], [80.04783299802905, 12.820519669419474], [80.04784644363129, 12.82050908832638], [80.04789818783681, 12.820498488983603], [80.04791493182177, 12.820514336308579], [80.04793406279617, 12.820514325446496], [80.04794755942514, 12.820506393252366], [80.04797493124532, 12.820509020522145], [80.04798349910172, 12.820527497255759]]]}}, {"type": "Feature", "properties": {"id": "srm medical:predicted:4", "site": "srm medical", "source": "predicted", "class": "parcel_boundary", "area_sqm": 124.6}, "geometry": {"type": "Polygon", "coordinates": [[[80.04725313026064, 12.820700069566806], [80.04724387522292, 12.820403013743077], [80.04724445604687, 12.820421656253195], [80.04726087930084, 12.820416333760676], [80.0472838869937, 12.820445608349322], [80.04729857020877, 12.820565079211361], [80.04727497623223, 12.820604840450905], [80.04729110211099, 12.820681509392303], [80.04725313026064, 12.820700069566806]]]}}, {"type": "Feature", "properties": {"id": "srm medical:predicted:5", "site": "srm medical", "source": "predicted", "class": "parcel_boundary", "area_sqm": 1277.8}, "geometry": {"type": "Polygon", "coordinates": [[[80.04744107394623, 12.820733965062617], [80.04742584803253, 12.820197611884016], [80.04750806061712, 12.820272567076982], [80.04796441674667, 12.820262503070504], [80.04794612819518, 12.82043763704704], [80.04792132709355, 12.820299681841622], [80.0478692666684, 12.820427039569374], [80.04777999707004, 12.820477369060693], [80.04766655038144, 12.82043763319867], [80.04770677064678, 12.820397831327249], [80.0475171210082, 12.82040308885237], [80.04757025168887, 12.820538362597352], [80.04752996677963, 12.82057279598063], [80.04748735901872, 12.820522529421899], [80.04748229853999, 12.820736506868826], [80.04744107394623, 12.820733965062617]]]}}, {"type": "Feature", "properties": {"id": "srm medical:predicted:6", "site": "srm medical", "source": "predicted", "class": "parcel_boundary", "area_sqm": 2823.1}, "geometry": {"type": "Polygon", "coordinates": [[[80.04899956192968, 12.821067260507967], [80.04899905279272, 12.82097175615524], [80.04941437108891, 12.820921072773887], [80.04937459416522, 12.820649091831308], [80.04897395198755, 12.82078519309979], [80.04895120101672, 12.820566129549992], [80.0496386980515, 12.820523785308971], [80.04967112429787, 12.820989588069573], [80.04959179714389, 12.820992494955735], [80.04953420577408, 12.820750043786976], [80.04953610297399, 12.821036436166336], [80.04899956192968, 12.821067260507967]]]}}, {"type": "Feature", "properties": {"id": "srm medical:predicted:7", "site": "srm medical", "source": "predicted", "class": "parcel_boundary", "area_sqm": 571.1}, "geometry": {"type": "Polygon", "coordinates": [[[80.04749881631689, 12.821233130657353], [80.04740598014776, 12.821225896066908], [80.04739454260549, 12.821207775340351], [80.04739126507593, 12.821095847539405], [80.0474293110885, 12.820993836116527], [80.04742387036825, 12.820899594324736], [80.04744258888492, 12.820883795406555], [80.04754460133759, 12.820912270592956], [80.04756496939905, 12.821061114041285], [80.04754113529799, 12.821087289482051], [80.04757039948663, 12.82116260065998], [80.04749881631689, 12.821233130657353]]]}}, {"type": "Feature", "properties": {"id": "srm medical:predicted:8", "site": "srm medical", "source": "predicted", "class": "parcel_boundary", "area_sqm": 4559.6}, "geometry": {"type": "Polygon", "coordinates": [[[80.04772453652551, 12.821127993392818], [80.04772103731881, 12.820759620846903], [80.04763289534841, 12.820733538257473], [80.04782653253947, 12.82071734308647], [80.04784844621237, 12.820598851856714], [80.04814701319515, 12.820674696665193], [80.04824860027816, 12.820577332553501], [80.04839754407918, 12.82074491147327], [80.04832499515717, 12.820600903255272], [80.04850277984175, 12.82051926230405], [80.04858962182777, 12.820775777618207], [80.04833944404385, 12.82083907680529], [80.04830775504777, 12.820713711327516], [80.04819102066027, 12.820706091074431], [80.04815973465702, 12.821234329731267], [80.04859908760533, 12.821136338587664], [80.04860440336266, 12.821370299338646], [80.04814353622565, 12.821381282406078], [80.04811459566642, 12.821125960007619], [80.04772453652551, 12.821127993392818]]]}}, {"type": "Feature", "properties": {"id": "tech 1,2 audi:ground_truth:0", "site": "tech 1,2 audi", "source": "ground_truth", "class": "parcel_boundary", "area_sqm": 249.1}, "geometry": {"type": "Polygon", "coordinates": [[[80.04484422641985, 12.823328131346324], [80.04481973328149, 12.823322024269778], [80.04480978240171, 12.82317707715663], [80.04482575987532, 12.822938859228437], [80.04487908719871, 12.823027879528693], [80.04491533326726, 12.823045817225697], [80.0449149625171, 12.823075591427092], [80.04488427877679, 12.823093409049928], [80.0448891745956, 12.823183255537135], [80.04485196602543, 12.823219277856017], [80.04484422641985, 12.823328131346324]]]}}, {"type": "Feature", "properties": {"id": "tech 1,2 audi:ground_truth:1", "site": "tech 1,2 audi", "source": "ground_truth", "class": "parcel_boundary", "area_sqm": 337.9}, "geometry": {"type": "Polygon", "coordinates": [[[80.04514465980382, 12.823407617970899], [80.04521236124016, 12.823346868548859], [80.04544504341048, 12.82334719108164], [80.04548819249935, 12.823389746642162], [80.04556711168699, 12.823329193628819], [80.04559778124468, 12.823341345489533], [80.0455984324042, 12.823395956196949], [80.04558021208629, 12.823408100358904], [80.04529207692842, 12.823401689203584], [80.04525523270303, 12.823462696696533], [80.04518142971583, 12.823444284812219], [80.04514465980382, 12.823407617970899]]]}}, {"type": "Feature", "properties": {"id": "tech 1,2 audi:ground_truth:2", "site": "tech 1,2 audi", "source": "ground_truth", "class": "parcel_boundary", "area_sqm": 385.8}, "geometry": {"type": "Polygon", "coordinates": [[[80.0448251422006, 12.82377219165603], [80.04480107165858, 12.823715924298968], [80.04480635761949, 12.823388934410408], [80.04488683831973, 12.823358579329339], [80.04491743857201, 12.823370790838787], [80.04494245669297, 12.823334345987455], [80.04498550378392, 12.823328338953917], [80.0450096740152, 12.823370908424955], [80.04500279923467, 12.823450235536882], [80.04493483117457, 12.823462422515222], [80.04489819571569, 12.823431783519887], [80.04482322776799, 12.82349301148643], [80.0448278083057, 12.823597838877719], [80.04487677508841, 12.82364743696289], [80.04486970426558, 12.823709665627385], [80.0448251422006, 12.82377219165603]]]}}, {"type": "Feature", "properties": {"id": "tech 1,2 audi:ground_truth:3", "site": "tech 1,2 audi", "source": "ground_truth", "class": "parcel_boundary", "area_sqm": 82975.8}, "geometry": {"type": "Polygon", "coordinates": [[[80.04602682370486, 12.82535667926398], [80.04597103544427, 12.823641270461136], [80.0460746163449, 12.824724271845419], [80.04640001216896, 12.824735955832926], [80.04665288927785, 12.824438836658674], [80.04658584018622, 12.822903632071355], [80.0460267438309, 12.822767679288365], [80.04599104805105, 12.823463326365241], [80.04596566488398, 12.822709546298166], [80.04891872804085, 12.822819517864383], [80.04932605567609, 12.825276177020982], [80.04602682370486, 12.82535667926398]]]}}, {"type": "Feature", "properties": {"id": "tech 1,2 audi:ground_truth:4", "site": "tech 1,2 audi", "source": "ground_truth", "class": "parcel_boundary", "area_sqm": 9651.7}, "geometry": {"type": "Polygon", "coordinates": [[[80.04477337079936, 12.825429501269477], [80.04479133514721, 12.823929722693531], [80.04501121388067, 12.82389783191305], [80.04516086610204, 12.824043541540371], [80.04524889053374, 12.823872351940068], [80.04525483009752, 12.825107100475675], [80.04565151241376, 12.825124979893708], [80.04566811566585, 12.825394310150498], [80.04525475554675, 12.825411595988436], [80.0451633970313, 12.825183289735595], [80.04512307767266, 12.825426655546345], [80.04477337079936, 12.825429501269477]]]}}, {"type": "Feature", "properties": {"id": "tech 1,2 audi:ground_truth:5", "site": "tech 1,2 audi", "source": "ground_truth", "class": "parcel_boundary", "area_sqm": 530.9}, "geometry": {"type": "Polygon", "coordinates": [[[80.04595043345313, 12.825729978334305], [80.04591109797238, 12.82574460214087], [80.0458842169631, 12.825723491819803], [80.04579167101014, 12.825724373767466], [80.04577868466082, 12.825738747187822], [80.04573853002394, 12.8257106412226], [80.04556658853272, 12.82572651876634], [80.04557212985493, 12.82561991574313], [80.04564447660283, 12.82559804795439], [80.0456710411532, 12.825611947824552], [80.04592124410165, 12.825602631624301], [80.04594819475773, 12.82563065497112], [80.04595043345313, 12.825729978334305]]]}}, {"type": "Feature", "properties": {"id": "tech 1,2 audi:ground_truth:6", "site": "tech 1,2 audi", "source": "ground_truth", "class": "parcel_boundary", "area_sqm": 565.8}, "geometry": {"type": "Polygon", "coordinates": [[[80.04888905107988, 12.826252567694464], [80.0488740806378, 12.826406470407466], [80.04883207489769, 12.826384950943485], [80.04879592855075, 12.826414835512484], [80.04877283450044, 12.826327020004081], [80.04839851384536, 12.826339023432306], [80.04831047788197, 12.8263842331782], [80.04821965909142, 12.826333917248284], [80.04823006810192, 12.826304454592226], [80.04888905107988, 12.826252567694464]]]}}, {"type": "Feature", "properties": {"id": "tech 1,2 audi:ground_truth:7", "site": "tech 1,2 audi", "source": "ground_truth", "class": "parcel_boundary", "area_sqm": 316.9}, "geometry": {"type": "Polygon", "coordinates": [[[80.04744911734768, 12.826506450831385], [80.04726847602427, 12.826508839361898], [80.04725082793647, 12.826442152311325], [80.04719597663485, 12.826420612210729], [80.04719669428047, 12.826324561518394], [80.04716024525254, 12.826273535206974], [80.04726756550293, 12.82628691651532], [80.04724377611916, 12.82633134434737], [80.04725609132022, 12.82641984212828], [80.04729711387374, 12.826434138403279], [80.04730610754989, 12.826367438837782], [80.04733177820597, 12.826352360359385], [80.04736337729592, 12.826425874618558], [80.04743881297115, 12.826454558207821], [80.04744911734768, 12.826506450831385]]]}}, {"type": "Feature", "properties": {"id": "tech 1,2 audi:ground_truth:8", "site": "tech 1,2 audi", "source": "ground_truth", "class": "parcel_boundary", "area_sqm": 301.6}, "geometry": {"type": "Polygon", "coordinates": [[[80.04713305183553, 12.82682695782079], [80.04712270208132, 12.826766358396275], [80.04721008188693, 12.826757525473358], [80.04727518000169, 12.826718784693593], [80.04727902453234, 12.82667348481028], [80.04729824222419, 12.826658164714866], [80.04735604037286, 12.826717636978533], [80.04746270776322, 12.826701039450262], [80.04747313252497, 12.826753745799397], [80.0474472287827, 12.826769253726226], [80.04735955291132, 12.826770519648944], [80.04732432966627, 12.826748317216026], [80.0472790416804, 12.826779261376688], [80.04723601627224, 12.826848276452457], [80.04713305183553, 12.82682695782079]]]}}, {"type": "Feature", "properties": {"id": "tech 1,2 audi:ground_truth:9", "site": "tech 1,2 audi", "source": "ground_truth", "class": "parcel_boundary", "area_sqm": 24343.3}, "geometry": {"type": "Polygon", "coordinates": [[[80.04597628780918, 12.827184126366324], [80.04413474693101, 12.827198293860143], [80.04417057426066, 12.826572491079375], [80.04464998124635, 12.827033630849586], [80.04494663391364, 12.826584791371324], [80.04549988578773, 12.826547255739618], [80.04522092258362, 12.826120288184613], [80.0448802225664, 12.82641287156249], [80.04458762704823, 12.826061494275358], [80.04447063033987, 12.826410563988745], [80.04433185838946, 12.826020441970028], [80.04415811717327, 12.826534856905548], [80.04425676080099, 12.825631807931728], [80.04593927425536, 12.825822921730946], [80.04597628780918, 12.827184126366324]]]}}, {"type": "Feature", "properties": {"id": "tech 1,2 audi:ground_truth:10", "site": "tech 1,2 audi", "source": "ground_truth", "class": "parcel_boundary", "area_sqm": 45104.9}, "geometry": {"type": "Polygon", "coordinates": [[[80.04619079356895, 12.827188450012649], [80.04616377603962, 12.825579311208056], [80.04702625742578, 12.825571653451902], [80.04716795735072, 12.825968158208376], [80.04753176025628, 12.825728998366618], [80.04720563972477, 12.825528064578897], [80.04775757592971, 12.825783463694588], [80.04900167422917, 12.825519399913023], [80.04942034409267, 12.827376224759686], [80.04729144384073, 12.827405393184781], [80.04725578687973, 12.826947292733353], [80.0480056853588, 12.826920591413575], [80.04774127816701, 12.82665199989594], [80.04905987865747, 12.826581514331208], [80.04890754964713, 12.826186942645359], [80.04691779762393, 12.826101081994073], [80.04700363312001, 12.827190784642028], [80.04619079356895, 12.827188450012649]]]}}, {"type": "Feature", "properties": {"id": "tech 1,2 audi:predicted:0", "site": "tech 1,2 audi", "source": "predicted", "class": "parcel_boundary", "area_sqm": 20385.9}, "geometry": {"type": "Polygon", "coordinates": [[[80.0459880326213, 12.825370879745053], [80.0459713504766, 12.823903029108719], [80.04610069918712, 12.82474411349404], [80.04619458057003, 12.824486230743501], [80.04636108183357, 12.824716213008404], [80.0466160777437, 12.824458511923465], [80.04657800013385, 12.823902322046939], [80.04737140998024, 12.823901397312587], [80.0474759783554, 12.825324626571726], [80.0459880326213, 12.825370879745053]]]}}, {"type": "Feature", "properties": {"id": "tech 1,2 audi:predicted:1", "site": "tech 1,2 audi", "source": "predicted", "class": "parcel_boundary", "area_sqm": 9354.8}, "geometry": {"type": "Polygon", "coordinates": [[[80.04564235615288, 12.825429416388413], [80.044832833906, 12.825429017391262], [80.04472186646592, 12.825352958590413], [80.04482939417778, 12.823904360080627], [80.0452301276087, 12.823903893018148], [80.04511851897288, 12.825005539498626], [80.04560574970942, 12.8250979189062], [80.04564235615288, 12.825429416388413]]]}}, {"type": "Feature", "properties": {"id": "tech 1,2 audi:predicted:2", "site": "tech 1,2 audi", "source": "predicted", "class": "parcel_boundary", "area_sqm": 1921.9}, "geometry": {"type": "Polygon", "coordinates": [[[80.04722274829888, 12.8261048884227], [80.04720227895046, 12.825577101476558], [80.04744895766461, 12.825574903283117], [80.04749093607667, 12.825616606862802], [80.04749485144212, 12.825581498969344], [80.04753357973121, 12.82610861086251], [80.04722274829888, 12.8261048884227]]]}}, {"type": "Feature", "properties": {"id": "tech 1,2 audi:predicted:3", "site": "tech 1,2 audi", "source": "predicted", "class": "parcel_boundary", "area_sqm": 23239.7}, "geometry": {"type": "Polygon", "coordinates": [[[80.04590660305549, 12.827161824058976], [80.04428714215196, 12.827039241089754], [80.04423947662973, 12.82678486338833], [80.04449541685557, 12.826515348702811], [80.04454388848461, 12.825909119989513], [80.04489443322649, 12.825797413764601], [80.04554777287879, 12.82584119115526], [80.04592185667701, 12.825630894804076], [80.04590660305549, 12.827161824058976]]]}}, {"type": "Feature", "properties": {"id": "tech 1,2 audi:predicted:4", "site": "tech 1,2 audi", "source": "predicted", "class": "parcel_boundary", "area_sqm": 19480.4}, "geometry": {"type": "Polygon", "coordinates": [[[80.04763538195427, 12.827494191371958], [80.04722831464264, 12.827501440940512], [80.04720401421578, 12.827102134491408], [80.04707770616, 12.82740910586454], [80.04616852198738, 12.82713422458015], [80.04613218098592, 12.825621914329847], [80.0469688514112, 12.825593228274144], [80.04690369578445, 12.82621063537272], [80.0470601177825, 12.826736963469891], [80.0468444812952, 12.826892261173285], [80.04713754592778, 12.8270182546146], [80.04759594363234, 12.826957415567422], [80.04763538195427, 12.827494191371958]]]}}, {"type": "Feature", "properties": {"id": "tech 1,2 audi:predicted:5", "site": "tech 1,2 audi", "source": "predicted", "class": "parcel_boundary", "area_sqm": 3525.1}, "geometry": {"type": "Polygon", "coordinates": [[[80.04405808909821, 12.827557900319], [80.04406524095778, 12.827365662520327], [80.04580649973715, 12.827383611411978], [80.04579491187013, 12.827526968786568], [80.04405808909821, 12.827557900319]]]}}, {"type": "Feature", "properties": {"id": "ubi and valli gate:ground_truth:0", "site": "ubi and valli gate", "source": "ground_truth", "class": "parcel_boundary", "area_sqm": 6043.0}, "geometry": {"type": "Polygon", "coordinates": [[[80.04275479626075, 12.823781991209861], [80.04189806088002, 12.823456834528116], [80.04201627634099, 12.823304979152535], [80.04114529555532, 12.823329202595524], [80.04113995178932, 12.823146543682487], [80.04258455329844, 12.82306321629815], [80.04263046112791, 12.823204781920884], [80.04231765525121, 12.823262800058126], [80.0426358696728, 12.823262484188666], [80.0425414415523, 12.823469742400222], [80.04263858624346, 12.82336740923464], [80.04262514038571, 12.823697939784434], [80.04275479626075, 12.823781991209861]]]}}, {"type": "Feature", "properties": {"id": "ubi and valli gate:ground_truth:1", "site": "ubi and valli gate", "source": "ground_truth", "class": "parcel_boundary", "area_sqm": 6212.3}, "geometry": {"type": "Polygon", "coordinates": [[[80.0423285455232, 12.824164270203152], [80.04218312409672, 12.824093231773015], [80.0421750636335, 12.824216329541681], [80.04204862628842, 12.824216034931721], [80.04202171997142, 12.824014385787544], [80.04180950665423, 12.824205013276666], [80.04134851784768, 12.824203955966773], [80.04135653864789, 12.823916664954368], [80.041270934046, 12.823874778078636], [80.04136188701912, 12.823773021022108], [80.04135385194246, 12.82346745333675], [80.04198941672094, 12.823511770147045], [80.04193836859527, 12.823608603250907], [80.0420969842077, 12.82371337457096], [80.0418873426613, 12.823768201542988], [80.04210505961501, 12.82377098755486], [80.0419975103801, 12.823841579434953], [80.042040538294, 12.823996089590423], [80.04239858796923, 12.823986163800765], [80.0423285455232, 12.824164270203152]]]}}, {"type": "Feature", "properties": {"id": "ubi and valli gate:ground_truth:2", "site": "ubi and valli gate", "source": "ground_truth", "class": "parcel_boundary", "area_sqm": 663.5}, "geometry": {"type": "Polygon", "coordinates": [[[80.04277919131363, 12.824204612345616], [80.04274406612147, 12.824236027995312], [80.04264412188047, 12.824212175003469], [80.04258202179011, 12.824146452545369], [80.04256581572255, 12.824059860911232], [80.04246869591643, 12.824046577553338], [80.04246598796567, 12.823967912809787], [80.04275212630111, 12.823968331381316], [80.04277919131363, 12.824204612345616]]]}}, {"type": "Feature", "properties": {"id": "ubi and valli gate:ground_truth:3", "site": "ubi and valli gate", "source": "ground_truth", "class": "parcel_boundary", "area_sqm": 979.2}, "geometry": {"type": "Polygon", "coordinates": [[[80.04266581033218, 12.824737041962745], [80.04262259931566, 12.824697505805633], [80.04239059628485, 12.824691334214968], [80.0423905871502, 12.824623170681155], [80.0423636308731, 12.824594234324808], [80.04238517560701, 12.824468478262899], [80.04246066247462, 12.824447742693529], [80.04250382299499, 12.824487216959602], [80.04251191214095, 12.824461016624157], [80.04259556258728, 12.824437671699247], [80.0426927728449, 12.824453718641418], [80.04272792257824, 12.824634933011772], [80.04266581033218, 12.824737041962745]]]}}, {"type": "Feature", "properties": {"id": "ubi and valli gate:ground_truth:4", "site": "ubi and valli gate", "source": "ground_truth", "class": "parcel_boundary", "area_sqm": 1381.8}, "geometry": {"type": "Polygon", "coordinates": [[[80.04194922204961, 12.82482569680187], [80.0419142641245, 12.824495757781193], [80.0422747078503, 12.824462883027769], [80.0423043667896, 12.824701474430466], [80.04220472864672, 12.824716794006589], [80.04220204141025, 12.824758703003193], [80.04231245565624, 12.824756547930578], [80.04231784721541, 12.824782781346038], [80.04194922204961, 12.82482569680187]]]}}, {"type": "Feature", "properties": {"id": "ubi and valli gate:ground_truth:5", "site": "ubi and valli gate", "source": "ground_truth", "class": "parcel_boundary", "area_sqm": 1710.4}, "geometry": {"type": "Polygon", "coordinates": [[[80.04151722428173, 12.82488388886496], [80.04148506323644, 12.824510018365807], [80.0418685991283, 12.824479905882836], [80.04190892002727, 12.824843838783945], [80.04175587112803, 12.8248666907095], [80.04168610930876, 12.82480883203354], [80.04162979460257, 12.82487395486391], [80.04151722428173, 12.82488388886496]]]}}, {"type": "Feature", "properties": {"id": "ubi and valli gate:ground_truth:6", "site": "ubi and valli gate", "source": "ground_truth", "class": "parcel_boundary", "area_sqm": 282.6}, "geometry": {"type": "Polygon", "coordinates": [[[80.04273879406952, 12.825007715924777], [80.04271987846847, 12.824997120387808], [80.0427009347302, 12.824802801505912], [80.04279551192589, 12.82479008720205], [80.0428117341301, 12.824803285260328], [80.04283610260396, 12.824997706355155], [80.04273879406952, 12.825007715924777]]]}}, {"type": "Feature", "properties": {"id": "ubi and valli gate:ground_truth:7", "site": "ubi and valli gate", "source": "ground_truth", "class": "parcel_boundary", "area_sqm": 803.1}, "geometry": {"type": "Polygon", "coordinates": [[[80.04192775809277, 12.82521039538919], [80.04188477042476, 12.8251813551845], [80.04184448547498, 12.825207295450193], [80.0418391206522, 12.8252857733498], [80.04174247919222, 12.82526164239535], [80.0417263752568, 12.825203995626444], [80.04154671323563, 12.825213414045319], [80.0415225859727, 12.824959716884512], [80.04173440894422, 12.824952914075592], [80.0417317379237, 12.825143859892282], [80.04192238024413, 12.825163245736697], [80.04192775809277, 12.82521039538919]]]}}, {"type": "Feature", "properties": {"id": "ubi and valli gate:ground_truth:8", "site": "ubi and valli gate", "source": "ground_truth", "class": "parcel_boundary", "area_sqm": 1129.5}, "geometry": {"type": "Polygon", "coordinates": [[[80.04274972100106, 12.825692983827533], [80.04272262515127, 12.825262255740816], [80.04293622246865, 12.825195228393278], [80.04293631824036, 12.825694376128714], [80.04274972100106, 12.825692983827533]]]}}, {"type": "Feature", "properties": {"id": "ubi and valli gate:ground_truth:9", "site": "ubi and valli gate", "source": "ground_truth", "class": "parcel_boundary", "area_sqm": 912.7}, "geometry": {"type": "Polygon", "coordinates": [[[80.04243117842823, 12.825729946410434], [80.04222097330387, 12.825505593391766], [80.04232335573717, 12.825729127118242], [80.04214562434366, 12.8257199165412], [80.0420030385489, 12.82548053919587], [80.04222903439745, 12.825361513837176], [80.04243117842823, 12.825729946410434]]]}}, {"type": "Feature", "properties": {"id": "ubi and valli gate:ground_truth:10", "site": "ubi and valli gate", "source": "ground_truth", "class": "parcel_boundary", "area_sqm": 638.4}, "geometry": {"type": "Polygon", "coordinates": [[[80.04230723557782, 12.826098651346067], [80.04228567750228, 12.826059137239247], [80.04232070136179, 12.826046334631084], [80.04232338633688, 12.825970325577048], [80.04224256415931, 12.825917222863316], [80.04217523632639, 12.825769926618811], [80.04236917773986, 12.825784539113686], [80.04243121288667, 12.825979103813156], [80.04249863316922, 12.825898350162403], [80.04242848911305, 12.82578237852386], [80.04245545523898, 12.825769473928728], [80.04252291588308, 12.825895925299992], [80.04243391974087, 12.826052565711635], [80.04230723557782, 12.826098651346067]]]}}, {"type": "Feature", "properties": {"id": "ubi and valli gate:ground_truth:11", "site": "ubi and valli gate", "source": "ground_truth", "class": "parcel_boundary", "area_sqm": 1526.5}, "geometry": {"type": "Polygon", "coordinates": [[[80.04242314767315, 12.826157382631196], [80.04247168331536, 12.82608437341503], [80.04259311785857, 12.826074948614265], [80.04258231331147, 12.826035490633222], [80.04252833334724, 12.826035023281129], [80.04256340962328, 12.82598022300312], [80.04273625456673, 12.825960681878543], [80.04274161941228, 12.825727054358497], [80.04293632731401, 12.82574166654937], [80.04293640797253, 12.826162046692428], [80.04242314767315, 12.826157382631196]]]}}, {"type": "Feature", "properties": {"id": "ubi and valli gate:predicted:0", "site": "ubi and valli gate", "source": "predicted", "class": "parcel_boundary", "area_sqm": 3318.7}, "geometry": {"type": "Polygon", "coordinates": [[[80.04127628173619, 12.823809507934154], [80.04209430443798, 12.823810256515973], [80.04204053854767, 12.823998707703234], [80.04219118775966, 12.823996325092626], [80.04219120402125, 12.824140399101529], [80.04204861528359, 12.82410344903732], [80.04202709764009, 12.824022248541738], [80.0420002261916, 12.824142622491493], [80.04135922167198, 12.824203980516739], [80.04135118615393, 12.823885316853188], [80.04128163199229, 12.823893068166067], [80.04127628173619, 12.823809507934154]]]}}, {"type": "Feature", "properties": {"id": "ubi and valli gate:predicted:1", "site": "ubi and valli gate", "source": "predicted", "class": "parcel_boundary", "area_sqm": 3486.1}, "geometry": {"type": "Polygon", "coordinates": [[[80.04155207244868, 12.825200373607453], [80.04148506333566, 12.824512631692725], [80.04185785684592, 12.824479870947128], [80.04191965687008, 12.824728719713148], [80.04193307331663, 12.824521994128888], [80.04219124186832, 12.82447571566265], [80.04219127883094, 12.82480319626255], [80.04194384736252, 12.824823055157376], [80.04186593255348, 12.824723264550892], [80.04190354663629, 12.824838579831209], [80.04179076233828, 12.824856386084965], [80.04176661153002, 12.824945223604022], [80.04172366724264, 12.824811613054683], [80.04158958201107, 12.824902528028495], [80.04173440944972, 12.82496076162591], [80.04169685964185, 12.82514889679796], [80.04191432006928, 12.825165817922393], [80.04183643395142, 12.825267438353377], [80.0417102746221, 12.825167281964758], [80.04155207244868, 12.825200373607453]]]}}, {"type": "Feature", "properties": {"id": "ubi and valli gate:predicted:2", "site": "ubi and valli gate", "source": "predicted", "class": "parcel_boundary", "area_sqm": 441.6}, "geometry": {"type": "Polygon", "coordinates": [[[80.04219138233996, 12.825720262980349], [80.04213754895271, 12.825701515775684], [80.04208642151028, 12.82563826498044], [80.04202993008799, 12.825525240883998], [80.04202454846506, 12.825485921753428], [80.04206219539476, 12.825462604034621], [80.04207294991322, 12.825420768506616], [80.0421913468489, 12.825405820009552], [80.04219138233996, 12.825720262980349]]]}}]}